2016-11-30, 18:56:53, 88000000, 90500000, 78125.00, 3584, -34.73, -34.22, -33.18, -33.30, -32.50, -30.89, -25.31, -28.62, -31.14, -30.62, -31.17, -32.03, -32.12, -31.79, -30.49, -30.64, -29.90, -29.90, -31.48, -31.64, -31.55, -30.35, -31.08, -32.15, -31.87, -31.23, -31.80, -31.51, -31.49, -32.85, -34.04, -34.80, -34.80
2016-11-30, 18:56:53, 90500000, 93000000, 78125.00, 3584, -25.56, -29.38, -30.61, -31.35, -30.78, -30.08, -30.26, -29.97, -27.66, -30.00, -30.23, -30.43, -29.58, -30.19, -27.69, -25.45, -30.36, -30.36, -30.17, -29.39, -27.03, -24.73, -29.98, -30.13, -29.39, -30.24, -29.13, -28.19, -28.35, -26.89, -19.20, -14.81, -14.81
2016-11-30, 18:56:53, 93000000, 95500000, 78125.00, 3584, -21.92, -24.25, -25.60, -25.84, -25.07, -26.23, -26.48, -25.41, -22.03, -17.76, -24.12, -25.79, -22.77, -22.99, -17.99, -24.53, -25.42, -25.42, -22.93, -13.86, -20.87, -24.19, -23.54, -23.74, -22.66, -20.99, -18.84, -14.03, -13.75, -4.46, -8.32, -17.01, -17.01
2016-11-30, 18:56:53, 95500000, 98000000, 78125.00, 3584, -25.32, -23.77, -20.93, -21.19, -24.84, -24.97, -22.59, -22.71, -23.79, -24.51, -24.68, -23.83, -21.25, -17.02, -21.20, -20.80, -8.05, -8.05, -2.03, -13.44, -18.81, -21.82, -23.29, -23.33, -24.29, -23.01, -21.74, -18.42, -1.91, -15.51, -21.05, -24.73, -24.73
2016-11-30, 18:56:53, 98000000, 100500000, 78125.00, 3584, -29.72, -29.52, -30.19, -28.58, -26.20, -24.06, -15.27, -18.63, -24.99, -25.86, -26.35, -24.54, -23.27, -22.74, -25.63, -27.62, -26.08, -26.08, -25.70, -25.84, -26.28, -26.62, -26.62, -27.22, -27.44, -26.01, -26.39, -23.21, -28.82, -29.72, -30.70, -30.69, -30.69
2016-11-30, 18:56:53, 100500000, 103000000, 78125.00, 3584, -27.33, -30.13, -30.19, -28.65, -23.79, -26.79, -26.46, -26.94, -26.79, -27.94, -26.15, -25.92, -24.09, -22.37, -15.75, -6.50, -20.82, -20.82, -24.03, -24.80, -27.07, -27.70, -28.30, -27.67, -25.34, -17.57, -17.67, -26.20, -28.85, -29.91, -26.49, -26.30, -26.30
2016-11-30, 18:56:53, 103000000, 105500000, 78125.00, 3584, -32.67, -31.26, -23.10, -24.54, -28.26, -28.57, -29.18, -31.42, -31.09, -26.86, -29.86, -28.60, -26.19, -18.66, -9.55, -21.38, -28.93, -28.93, -29.22, -27.71, -30.87, -30.41, -28.76, -24.87, -11.65, -18.92, -26.77, -29.75, -30.66, -27.26, -30.36, -32.10, -32.10
2016-11-30, 18:56:53, 105500000, 108000000, 78125.00, 3584, -30.78, -26.62, -15.19, -15.43, -26.65, -29.86, -30.98, -30.99, -30.89, -31.29, -29.83, -26.77, -17.16, -12.32, -22.75, -28.57, -29.83, -29.83, -27.67, -32.80, -33.71, -33.61, -32.55, -26.34, -32.80, -33.75, -33.94, -33.22, -27.98, -31.90, -33.21, -32.66, -32.66
2016-11-30, 18:57:03, 88000000, 90500000, 78125.00, 3840, -32.78, -32.42, -31.29, -30.96, -30.14, -28.37, -23.83, -26.65, -28.93, -28.59, -28.86, -29.84, -29.64, -29.42, -27.67, -28.76, -27.41, -27.41, -28.60, -29.42, -29.26, -28.33, -29.10, -29.75, -29.38, -28.67, -29.33, -29.31, -29.89, -30.59, -32.09, -32.93, -32.93
2016-11-30, 18:57:03, 90500000, 93000000, 78125.00, 3840, -23.82, -27.54, -28.59, -29.08, -28.29, -27.58, -27.77, -27.28, -24.83, -27.54, -27.89, -27.85, -26.39, -27.88, -25.76, -23.57, -28.04, -28.04, -28.19, -27.14, -25.26, -20.47, -27.34, -27.33, -27.43, -28.23, -27.43, -25.98, -26.83, -24.97, -17.17, -13.33, -13.33
2016-11-30, 18:57:03, 93000000, 95500000, 78125.00, 3840, -20.06, -22.59, -23.92, -24.50, -23.70, -25.10, -25.18, -24.25, -20.47, -16.67, -23.21, -25.05, -23.15, -22.93, -16.67, -23.72, -24.32, -24.32, -21.73, -12.88, -19.59, -23.04, -22.63, -22.79, -21.70, -20.14, -18.15, -14.29, -13.33, -3.92, -6.52, -15.07, -15.07
2016-11-30, 18:57:03, 95500000, 98000000, 78125.00, 3840, -24.63, -23.25, -20.64, -19.61, -23.89, -24.01, -22.31, -22.53, -23.32, -23.71, -23.89, -23.13, -19.89, -16.66, -20.75, -20.30, -8.60, -8.60, -0.85, -11.24, -17.79, -20.75, -22.18, -22.27, -22.98, -21.89, -20.25, -15.14, -1.45, -14.44, -20.06, -23.63, -23.63
2016-11-30, 18:57:03, 98000000, 100500000, 78125.00, 3840, -29.43, -29.26, -29.37, -27.58, -23.88, -23.70, -14.51, -18.90, -24.24, -25.49, -25.92, -23.83, -22.58, -22.52, -25.62, -27.10, -25.56, -25.56, -25.62, -25.18, -24.62, -22.87, -23.60, -23.73, -23.75, -24.00, -25.73, -22.56, -28.22, -29.66, -30.28, -30.19, -30.19
2016-11-30, 18:57:03, 100500000, 103000000, 78125.00, 3840, -26.43, -29.74, -29.75, -28.23, -23.88, -26.58, -26.55, -26.92, -26.52, -27.63, -24.97, -25.25, -23.72, -21.92, -15.92, -5.88, -19.47, -19.47, -22.83, -24.23, -26.31, -26.70, -27.43, -26.80, -24.36, -16.06, -15.88, -24.74, -27.74, -28.82, -26.06, -25.21, -25.21
2016-11-30, 18:57:03, 103000000, 105500000, 78125.00, 3840, -32.47, -31.63, -24.57, -25.36, -28.06, -28.81, -28.90, -31.07, -30.55, -25.62, -29.36, -28.15, -25.84, -18.97, -8.22, -18.57, -28.01, -28.01, -28.09, -26.71, -29.90, -29.51, -27.77, -23.90, -10.56, -17.34, -25.52, -28.75, -29.69, -26.57, -28.93, -31.30, -31.30
2016-11-30, 18:57:03, 105500000, 108000000, 78125.00, 3840, -29.34, -25.23, -14.39, -14.47, -25.25, -28.45, -29.96, -30.09, -30.00, -30.35, -28.97, -25.78, -15.98, -11.66, -21.97, -27.98, -29.79, -29.79, -26.37, -32.19, -33.26, -33.13, -32.20, -25.37, -32.12, -33.07, -33.19, -32.31, -27.18, -31.00, -32.18, -31.40, -31.40
2016-11-30, 18:57:13, 88000000, 90500000, 78125.00, 3328, -31.31, -30.62, -29.52, -29.10, -28.21, -26.40, -22.26, -25.52, -26.93, -26.54, -26.78, -27.62, -27.81, -27.26, -25.49, -26.60, -25.13, -25.13, -26.59, -27.30, -27.12, -26.42, -27.03, -27.68, -27.31, -26.40, -27.22, -27.23, -27.85, -28.62, -30.19, -31.29, -31.29
2016-11-30, 18:57:13, 90500000, 93000000, 78125.00, 3328, -23.17, -26.46, -27.24, -27.28, -26.30, -25.55, -25.49, -25.56, -23.56, -25.53, -26.04, -25.95, -24.61, -25.97, -24.11, -22.43, -26.09, -26.09, -26.20, -25.24, -23.61, -18.23, -25.31, -25.43, -25.86, -26.53, -25.99, -24.63, -25.60, -24.28, -15.65, -12.58, -12.58
2016-11-30, 18:57:13, 93000000, 95500000, 78125.00, 3328, -20.18, -22.50, -23.79, -24.08, -23.18, -24.64, -24.25, -23.55, -20.16, -15.56, -22.40, -24.51, -22.75, -22.11, -15.90, -22.98, -24.01, -24.01, -21.69, -11.81, -19.49, -22.76, -21.75, -22.46, -21.56, -19.97, -18.41, -14.59, -13.10, -2.36, -6.75, -15.03, -15.03
2016-11-30, 18:57:13, 95500000, 98000000, 78125.00, 3328, -23.75, -22.28, -19.13, -19.00, -23.25, -23.24, -21.86, -21.79, -22.32, -23.01, -22.88, -22.40, -19.27, -15.38, -19.63, -18.75, -6.12, -6.12, 0.16, -10.64, -16.82, -19.65, -21.19, -21.35, -22.05, -21.25, -19.81, -15.71, -0.07, -12.97, -19.08, -22.57, -22.57
2016-11-30, 18:57:13, 98000000, 100500000, 78125.00, 3328, -28.71, -29.00, -28.68, -26.83, -22.76, -22.60, -14.02, -16.50, -23.53, -24.92, -25.39, -23.16, -22.11, -22.84, -25.36, -26.52, -25.18, -25.18, -25.12, -24.75, -23.66, -21.40, -22.10, -22.23, -22.15, -23.08, -25.42, -21.43, -27.66, -29.34, -29.80, -29.68, -29.68
2016-11-30, 18:57:13, 100500000, 103000000, 78125.00, 3328, -26.13, -28.95, -29.28, -27.69, -23.81, -26.31, -25.84, -26.53, -26.35, -27.04, -24.21, -24.38, -23.13, -21.00, -14.22, -5.19, -19.23, -19.23, -22.48, -23.86, -25.97, -26.30, -26.85, -26.17, -23.50, -15.14, -15.06, -23.97, -27.20, -28.39, -25.00, -24.80, -24.80
2016-11-30, 18:57:13, 103000000, 105500000, 78125.00, 3328, -32.66, -31.93, -25.00, -26.89, -28.12, -29.00, -29.12, -31.21, -30.53, -25.86, -29.60, -28.73, -26.62, -20.32, -8.27, -19.60, -28.31, -28.31, -28.25, -26.57, -29.84, -29.44, -27.62, -23.38, -10.88, -16.28, -25.27, -28.49, -29.77, -26.90, -29.10, -31.20, -31.20
2016-11-30, 18:57:13, 105500000, 108000000, 78125.00, 3328, -28.37, -24.24, -14.32, -14.21, -24.34, -27.60, -29.28, -29.62, -29.71, -29.99, -28.72, -25.74, -15.52, -11.49, -20.87, -27.25, -30.09, -30.09, -25.63, -32.23, -32.89, -32.91, -32.75, -24.20, -32.55, -32.81, -32.82, -31.75, -27.24, -30.00, -31.40, -30.46, -30.46
2016-11-30, 18:57:23, 88000000, 90500000, 78125.00, 3584, -31.18, -30.63, -29.41, -28.96, -28.04, -26.29, -22.67, -24.86, -26.99, -26.32, -26.58, -27.65, -27.69, -27.04, -25.45, -26.59, -24.89, -24.89, -26.40, -27.11, -27.07, -26.41, -26.77, -27.60, -27.24, -26.30, -27.11, -27.33, -27.80, -28.62, -30.21, -31.25, -31.25
2016-11-30, 18:57:23, 90500000, 93000000, 78125.00, 3584, -22.38, -25.90, -27.24, -27.53, -26.47, -25.73, -26.02, -25.54, -22.11, -25.46, -26.21, -26.07, -23.99, -26.12, -24.40, -22.24, -26.49, -26.49, -26.60, -25.35, -23.52, -18.55, -25.71, -25.51, -25.98, -27.02, -26.19, -24.46, -25.37, -23.70, -15.81, -12.19, -12.19
2016-11-30, 18:57:23, 93000000, 95500000, 78125.00, 3584, -19.79, -22.25, -23.58, -23.82, -23.07, -24.40, -24.15, -23.48, -20.43, -15.46, -22.30, -24.34, -22.69, -21.74, -15.98, -21.99, -23.65, -23.65, -21.50, -11.95, -18.54, -22.71, -21.65, -22.53, -21.43, -20.09, -18.34, -14.17, -12.75, -3.23, -4.97, -14.66, -14.66
2016-11-30, 18:57:23, 95500000, 98000000, 78125.00, 3584, -23.61, -22.20, -19.37, -18.13, -23.02, -23.12, -21.80, -21.92, -22.02, -22.77, -22.83, -22.38, -19.47, -14.78, -19.60, -18.69, -6.65, -6.65, 0.56, -9.23, -16.23, -19.25, -21.10, -21.06, -22.12, -21.37, -19.90, -16.22, 0.33, -12.79, -18.76, -22.45, -22.45
2016-11-30, 18:57:23, 98000000, 100500000, 78125.00, 3584, -28.82, -29.01, -28.87, -26.69, -22.73, -22.39, -13.72, -16.51, -23.61, -24.92, -25.48, -22.96, -22.07, -22.78, -25.26, -26.38, -25.11, -25.11, -25.13, -24.68, -23.84, -21.44, -22.26, -22.32, -22.35, -23.01, -25.23, -21.20, -27.75, -29.43, -29.84, -29.66, -29.66
2016-11-30, 18:57:23, 100500000, 103000000, 78125.00, 3584, -25.58, -29.29, -29.15, -27.82, -23.77, -26.20, -26.00, -26.60, -26.23, -26.97, -24.31, -24.30, -23.13, -20.78, -14.52, -4.16, -19.06, -19.06, -22.32, -23.62, -25.87, -26.23, -26.90, -26.23, -23.65, -15.11, -15.07, -24.09, -26.96, -28.02, -24.64, -24.54, -24.54
2016-11-30, 18:57:23, 103000000, 105500000, 78125.00, 3584, -32.53, -31.63, -24.47, -25.78, -27.99, -29.00, -29.01, -30.97, -30.30, -25.60, -29.32, -28.25, -26.00, -19.15, -7.87, -20.09, -28.34, -28.34, -28.04, -26.44, -29.86, -29.53, -27.58, -23.33, -10.22, -16.97, -25.50, -28.74, -29.71, -26.12, -29.28, -31.28, -31.28
2016-11-30, 18:57:23, 105500000, 108000000, 78125.00, 3584, -29.67, -25.52, -14.70, -12.89, -25.18, -28.50, -30.13, -30.10, -30.05, -30.44, -29.22, -25.90, -15.55, -11.26, -21.99, -27.99, -29.41, -29.41, -26.19, -31.77, -33.20, -32.98, -32.66, -24.46, -32.72, -33.37, -33.30, -31.98, -27.06, -30.72, -32.19, -31.48, -31.48
2016-11-30, 18:57:33, 88000000, 90500000, 78125.00, 3328, -31.68, -31.13, -29.97, -29.55, -28.75, -26.69, -22.43, -25.70, -27.50, -26.98, -27.37, -28.24, -28.31, -27.86, -26.01, -27.38, -25.79, -25.79, -27.19, -27.96, -27.88, -27.03, -27.59, -28.47, -28.02, -27.01, -27.82, -28.02, -28.57, -29.23, -30.77, -31.57, -31.57
2016-11-30, 18:57:33, 90500000, 93000000, 78125.00, 3328, -22.72, -26.30, -27.37, -27.75, -26.73, -26.07, -26.19, -26.21, -23.58, -26.23, -26.71, -26.45, -24.87, -26.11, -24.31, -22.42, -26.68, -26.68, -26.85, -25.67, -23.69, -18.78, -25.83, -26.09, -26.27, -27.07, -26.45, -24.73, -25.52, -23.58, -14.64, -12.24, -12.24
2016-11-30, 18:57:33, 93000000, 95500000, 78125.00, 3328, -19.38, -21.83, -23.34, -23.61, -22.88, -24.35, -24.27, -23.53, -20.70, -15.26, -23.03, -24.38, -22.80, -22.13, -15.48, -22.27, -23.84, -23.84, -21.36, -11.26, -19.71, -22.80, -21.64, -22.23, -21.09, -19.54, -17.91, -13.71, -12.66, -2.38, -5.19, -14.26, -14.26
2016-11-30, 18:57:33, 95500000, 98000000, 78125.00, 3328, -23.50, -22.16, -19.16, -18.25, -23.24, -23.30, -21.74, -21.92, -22.27, -22.95, -22.89, -22.12, -19.08, -14.69, -19.55, -18.64, -6.11, -6.11, 0.59, -9.05, -16.13, -19.21, -20.91, -21.17, -22.04, -21.05, -19.61, -15.59, 0.67, -12.68, -18.54, -22.23, -22.23
2016-11-30, 18:57:33, 98000000, 100500000, 78125.00, 3328, -28.70, -29.24, -28.71, -26.99, -23.19, -22.15, -13.52, -16.26, -23.70, -24.89, -25.54, -22.70, -22.09, -22.76, -25.66, -26.58, -25.27, -25.27, -25.20, -24.69, -24.48, -22.10, -22.66, -23.10, -22.98, -23.53, -25.24, -21.35, -27.57, -29.15, -29.90, -29.82, -29.82
2016-11-30, 18:57:33, 100500000, 103000000, 78125.00, 3328, -25.38, -29.29, -29.29, -27.74, -23.70, -26.20, -25.76, -26.61, -26.32, -26.99, -24.08, -24.25, -22.83, -20.75, -14.46, -4.21, -18.49, -18.49, -21.90, -23.36, -25.51, -25.88, -26.39, -25.79, -23.16, -14.85, -14.84, -23.80, -26.99, -27.95, -24.89, -24.19, -24.19
2016-11-30, 18:57:33, 103000000, 105500000, 78125.00, 3328, -32.20, -31.15, -24.21, -25.20, -27.43, -28.53, -28.98, -30.62, -29.50, -24.99, -28.49, -27.27, -24.73, -17.43, -7.68, -17.04, -26.97, -26.97, -27.29, -26.00, -29.12, -28.65, -27.05, -22.71, -9.72, -16.20, -24.96, -28.16, -29.33, -26.08, -28.04, -30.58, -30.58
2016-11-30, 18:57:33, 105500000, 108000000, 78125.00, 3328, -28.93, -24.94, -14.37, -12.19, -24.46, -27.91, -29.65, -29.84, -29.60, -29.92, -28.50, -25.32, -14.79, -11.11, -21.57, -27.57, -29.70, -29.70, -25.45, -31.47, -32.68, -32.81, -32.13, -24.43, -31.74, -32.93, -32.92, -31.67, -26.58, -30.61, -31.76, -30.94, -30.94
2016-11-30, 18:57:43, 88000000, 90500000, 78125.00, 3584, -31.48, -30.99, -29.79, -29.31, -28.49, -26.79, -22.60, -25.68, -27.36, -26.96, -26.93, -28.08, -28.15, -27.60, -25.89, -27.06, -25.57, -25.57, -26.81, -27.61, -27.58, -26.84, -27.36, -28.05, -27.76, -26.67, -27.50, -27.67, -28.25, -28.92, -30.51, -31.53, -31.53
2016-11-30, 18:57:43, 90500000, 93000000, 78125.00, 3584, -22.86, -26.27, -27.50, -27.67, -26.78, -26.06, -26.01, -25.88, -23.61, -25.94, -26.39, -26.44, -24.95, -26.28, -24.44, -22.40, -26.49, -26.49, -26.63, -25.75, -23.60, -18.80, -25.91, -25.97, -26.12, -27.14, -26.28, -24.90, -25.56, -23.93, -16.09, -12.31, -12.31
2016-11-30, 18:57:43, 93000000, 95500000, 78125.00, 3584, -19.44, -21.87, -23.36, -23.76, -22.76, -24.37, -24.10, -23.41, -19.94, -15.45, -22.05, -24.30, -22.77, -22.17, -15.45, -23.01, -23.89, -23.89, -22.21, -11.58, -19.37, -22.77, -21.55, -22.18, -21.11, -19.50, -18.09, -13.95, -12.88, -2.15, -5.89, -14.45, -14.45
2016-11-30, 18:57:43, 95500000, 98000000, 78125.00, 3584, -23.54, -21.96, -18.98, -18.68, -23.12, -23.19, -21.64, -21.60, -22.39, -22.90, -23.08, -22.22, -19.40, -14.83, -19.59, -18.74, -5.97, -5.97, 0.36, -10.14, -16.59, -19.59, -21.23, -21.32, -22.03, -21.24, -20.01, -16.11, 0.46, -13.14, -18.40, -22.42, -22.42
2016-11-30, 18:57:43, 98000000, 100500000, 78125.00, 3584, -28.73, -29.45, -28.95, -26.99, -22.79, -22.46, -13.69, -16.40, -23.61, -24.98, -25.65, -22.80, -22.41, -22.94, -25.71, -26.61, -25.35, -25.35, -25.44, -24.77, -24.33, -21.86, -22.55, -22.77, -22.53, -23.31, -25.49, -21.34, -27.86, -29.54, -29.86, -30.01, -30.01
2016-11-30, 18:57:43, 100500000, 103000000, 78125.00, 3584, -25.39, -29.61, -29.17, -27.62, -23.56, -26.20, -25.93, -26.56, -26.23, -26.86, -24.05, -24.37, -23.09, -21.17, -15.54, -4.34, -18.80, -18.80, -22.13, -23.56, -25.55, -25.96, -26.53, -25.80, -22.97, -14.80, -14.59, -23.36, -26.49, -27.76, -25.50, -24.27, -24.27
2016-11-30, 18:57:43, 103000000, 105500000, 78125.00, 3584, -32.29, -31.28, -24.12, -24.64, -27.81, -28.52, -29.16, -30.98, -30.46, -25.30, -29.53, -28.67, -26.61, -19.87, -8.02, -20.83, -28.44, -28.44, -27.87, -26.95, -29.38, -29.02, -27.01, -22.64, -10.14, -16.73, -24.98, -28.20, -29.45, -26.36, -29.09, -31.07, -31.07
2016-11-30, 18:57:43, 105500000, 108000000, 78125.00, 3584, -29.71, -25.51, -13.69, -14.57, -25.78, -28.81, -30.38, -30.14, -30.15, -30.23, -28.83, -25.63, -15.31, -11.17, -22.71, -28.04, -28.96, -28.96, -26.50, -32.22, -33.13, -32.91, -31.87, -24.93, -31.66, -33.18, -33.34, -32.23, -26.84, -31.14, -32.38, -31.70, -31.70
2016-11-30, 18:57:53, 88000000, 90500000, 78125.00, 3328, -31.57, -31.02, -29.90, -29.53, -28.72, -26.70, -22.77, -25.71, -27.28, -26.90, -27.22, -28.12, -28.25, -27.69, -25.99, -27.01, -25.50, -25.50, -27.09, -27.87, -27.64, -26.81, -27.74, -28.19, -27.87, -26.93, -27.63, -27.64, -28.52, -29.06, -30.60, -31.76, -31.76
2016-11-30, 18:57:53, 90500000, 93000000, 78125.00, 3328, -22.72, -26.23, -27.37, -27.35, -26.57, -25.72, -25.86, -25.72, -23.26, -25.59, -26.24, -26.33, -24.56, -26.19, -24.24, -22.59, -26.42, -26.42, -26.40, -25.48, -23.56, -18.72, -25.70, -25.81, -26.06, -26.85, -26.15, -24.76, -25.56, -23.98, -16.50, -12.30, -12.30
2016-11-30, 18:57:53, 93000000, 95500000, 78125.00, 3328, -19.66, -22.13, -23.59, -23.78, -23.05, -24.57, -24.40, -23.51, -19.80, -15.34, -22.68, -24.50, -22.83, -22.37, -15.53, -23.06, -24.07, -24.07, -22.18, -11.33, -19.88, -23.11, -21.88, -22.46, -21.18, -19.75, -17.90, -13.96, -12.83, -2.22, -6.02, -14.64, -14.64
2016-11-30, 18:57:53, 95500000, 98000000, 78125.00, 3328, -22.89, -21.93, -18.75, -18.88, -23.17, -23.25, -21.73, -21.67, -22.38, -22.92, -22.82, -22.01, -18.98, -15.03, -19.50, -18.46, -5.04, -5.04, -0.18, -9.36, -16.34, -19.33, -20.99, -21.17, -21.97, -20.98, -19.60, -15.68, 0.11, -11.03, -18.17, -21.85, -21.85
2016-11-30, 18:57:53, 98000000, 100500000, 78125.00, 3328, -28.56, -29.41, -28.87, -27.00, -23.00, -22.61, -13.89, -16.10, -23.51, -25.12, -25.65, -22.84, -22.15, -22.70, -25.88, -26.85, -25.34, -25.34, -25.46, -24.61, -24.41, -21.78, -22.35, -22.73, -22.49, -23.25, -25.37, -21.46, -28.12, -29.55, -29.87, -30.20, -30.20
2016-11-30, 18:57:53, 100500000, 103000000, 78125.00, 3328, -25.63, -29.36, -29.01, -27.59, -23.74, -26.22, -25.85, -26.64, -26.35, -27.10, -24.30, -24.31, -23.18, -21.49, -16.08, -4.95, -18.76, -18.76, -22.19, -23.61, -25.68, -26.14, -26.57, -25.91, -23.20, -15.16, -14.43, -23.51, -26.70, -27.93, -25.68, -24.41, -24.41
2016-11-30, 18:57:53, 103000000, 105500000, 78125.00, 3328, -32.30, -31.09, -23.66, -24.53, -27.65, -28.36, -28.88, -30.97, -30.18, -25.31, -29.11, -28.09, -25.91, -19.22, -8.15, -19.61, -27.93, -27.93, -27.61, -26.73, -29.36, -29.14, -27.24, -22.97, -10.09, -17.31, -25.28, -28.52, -29.56, -26.44, -28.83, -31.08, -31.08
2016-11-30, 18:57:53, 105500000, 108000000, 78125.00, 3328, -29.88, -25.58, -13.82, -14.14, -25.81, -29.07, -30.47, -30.29, -30.19, -30.42, -28.88, -25.57, -14.81, -11.59, -21.99, -27.75, -28.90, -28.90, -26.71, -31.82, -33.23, -33.01, -31.72, -25.05, -31.82, -33.38, -33.21, -31.88, -27.02, -30.92, -32.43, -31.76, -31.76
2016-11-30, 18:58:03, 88000000, 90500000, 78125.00, 3584, -31.72, -31.06, -29.67, -29.42, -28.53, -26.97, -22.67, -25.62, -27.27, -26.99, -26.96, -28.13, -28.01, -27.51, -25.82, -27.12, -25.77, -25.77, -26.94, -27.56, -27.54, -26.73, -27.49, -27.94, -27.73, -26.64, -27.64, -27.58, -28.26, -28.96, -30.49, -31.67, -31.67
2016-11-30, 18:58:03, 90500000, 93000000, 78125.00, 3584, -22.56, -26.09, -27.38, -27.47, -26.42, -25.77, -25.83, -25.54, -23.19, -25.84, -26.24, -26.26, -24.66, -25.96, -24.37, -22.44, -26.39, -26.39, -26.39, -25.51, -23.51, -18.60, -25.78, -25.70, -26.15, -26.86, -26.13, -24.73, -25.44, -23.74, -15.66, -12.21, -12.21
2016-11-30, 18:58:03, 93000000, 95500000, 78125.00, 3584, -19.51, -22.09, -23.42, -23.69, -22.82, -24.23, -23.98, -23.34, -20.13, -15.23, -22.55, -24.49, -22.70, -21.99, -15.46, -22.68, -23.77, -23.77, -21.64, -11.72, -18.56, -22.65, -21.71, -22.41, -21.33, -19.77, -18.01, -13.95, -12.98, -2.37, -5.49, -14.37, -14.37
2016-11-30, 18:58:03, 95500000, 98000000, 78125.00, 3584, -22.60, -21.75, -18.76, -18.74, -22.92, -23.15, -21.76, -21.82, -22.40, -23.01, -22.95, -22.43, -19.33, -14.90, -19.89, -18.97, -6.77, -6.77, 0.59, -10.62, -16.93, -19.75, -21.09, -21.26, -21.93, -20.70, -19.29, -14.97, -0.23, -9.33, -17.04, -21.10, -21.10
2016-11-30, 18:58:03, 98000000, 100500000, 78125.00, 3584, -28.49, -29.31, -28.73, -26.84, -22.98, -22.67, -13.67, -16.38, -23.42, -24.77, -25.35, -22.74, -22.01, -22.59, -25.65, -26.47, -25.26, -25.26, -25.01, -24.35, -24.26, -21.84, -22.36, -22.67, -22.36, -23.16, -25.21, -21.53, -27.38, -29.01, -29.75, -29.78, -29.78
2016-11-30, 18:58:03, 100500000, 103000000, 78125.00, 3584, -25.64, -29.29, -29.30, -27.84, -23.63, -26.16, -25.90, -26.94, -26.45, -27.22, -24.16, -24.52, -23.55, -21.65, -16.14, -4.68, -19.04, -19.04, -22.41, -23.91, -25.90, -26.14, -26.70, -25.69, -22.82, -14.80, -14.51, -23.39, -26.55, -27.85, -25.48, -24.46, -24.46
2016-11-30, 18:58:03, 103000000, 105500000, 78125.00, 3584, -32.38, -31.41, -23.96, -25.07, -27.96, -28.48, -28.82, -30.87, -30.25, -25.34, -29.05, -28.19, -26.03, -18.57, -8.59, -19.02, -28.07, -28.07, -27.54, -26.66, -29.51, -29.27, -27.47, -23.27, -10.10, -17.08, -25.34, -28.48, -29.57, -26.74, -29.02, -31.19, -31.19
2016-11-30, 18:58:03, 105500000, 108000000, 78125.00, 3584, -29.71, -25.49, -14.33, -13.58, -25.29, -28.69, -30.35, -30.21, -30.06, -30.48, -28.99, -25.79, -15.31, -11.21, -22.31, -28.07, -29.24, -29.24, -26.49, -31.88, -33.11, -33.00, -31.41, -25.07, -31.99, -33.28, -33.23, -32.08, -26.89, -31.03, -32.28, -31.68, -31.68
2016-11-30, 18:58:13, 88000000, 90500000, 78125.00, 3328, -31.25, -30.68, -29.49, -29.26, -28.38, -26.18, -22.60, -25.49, -27.08, -26.53, -26.69, -27.97, -27.87, -27.60, -25.82, -26.99, -24.87, -24.87, -26.65, -27.59, -27.42, -26.43, -27.37, -27.84, -27.60, -26.56, -27.61, -27.47, -28.32, -28.85, -30.31, -31.55, -31.55
2016-11-30, 18:58:13, 90500000, 93000000, 78125.00, 3328, -22.73, -26.20, -27.22, -27.45, -26.30, -25.81, -25.97, -25.57, -22.81, -25.68, -26.08, -26.23, -24.56, -25.91, -24.19, -22.46, -26.40, -26.40, -26.40, -25.37, -22.81, -18.70, -25.79, -25.61, -25.90, -26.75, -26.12, -24.83, -25.51, -24.01, -15.62, -12.22, -12.22
2016-11-30, 18:58:13, 93000000, 95500000, 78125.00, 3328, -19.51, -21.98, -23.36, -23.70, -22.81, -24.43, -23.99, -23.31, -19.92, -15.31, -21.91, -24.30, -22.65, -21.97, -15.47, -22.44, -23.67, -23.67, -21.47, -11.90, -18.34, -22.64, -21.62, -22.13, -21.10, -19.57, -18.04, -13.65, -12.84, -2.22, -5.41, -14.48, -14.48
2016-11-30, 18:58:13, 95500000, 98000000, 78125.00, 3328, -23.45, -22.23, -19.04, -18.75, -23.26, -23.55, -21.73, -21.76, -22.66, -23.31, -23.14, -22.37, -19.22, -15.03, -19.89, -18.73, -6.43, -6.43, 0.45, -9.85, -16.56, -19.42, -21.22, -21.20, -22.02, -21.04, -19.53, -14.49, 0.33, -13.13, -18.79, -22.54, -22.54
2016-11-30, 18:58:13, 98000000, 100500000, 78125.00, 3328, -28.76, -29.42, -28.87, -26.72, -22.82, -22.45, -13.41, -16.57, -23.51, -24.95, -25.40, -22.78, -22.02, -22.70, -25.47, -26.50, -25.29, -25.29, -25.09, -24.44, -24.45, -21.79, -22.31, -22.70, -22.53, -23.24, -25.52, -21.40, -27.96, -29.55, -29.97, -29.80, -29.80
2016-11-30, 18:58:13, 100500000, 103000000, 78125.00, 3328, -25.46, -29.10, -29.13, -27.59, -23.60, -26.30, -26.02, -26.75, -26.41, -27.07, -24.12, -24.30, -23.38, -21.64, -17.11, -4.91, -18.24, -18.24, -21.84, -23.56, -25.51, -25.90, -26.43, -25.68, -23.15, -14.60, -14.55, -23.67, -26.74, -27.99, -26.20, -24.12, -24.12
2016-11-30, 18:58:13, 103000000, 105500000, 78125.00, 3328, -32.47, -31.34, -24.27, -25.34, -27.76, -28.49, -29.07, -30.81, -29.95, -25.32, -28.77, -27.56, -25.00, -17.41, -8.59, -18.31, -27.47, -27.47, -27.44, -26.50, -29.26, -28.94, -27.32, -23.16, -9.94, -17.25, -25.49, -28.51, -29.71, -26.66, -28.70, -31.03, -31.03
2016-11-30, 18:58:13, 105500000, 108000000, 78125.00, 3328, -29.53, -25.29, -13.82, -13.79, -25.51, -28.58, -30.36, -30.27, -30.07, -30.24, -28.69, -25.55, -15.19, -11.44, -21.46, -27.70, -28.90, -28.90, -26.36, -31.92, -33.01, -32.91, -31.72, -24.90, -31.96, -33.35, -33.16, -32.11, -26.84, -30.93, -32.21, -31.55, -31.55
2016-11-30, 18:58:23, 88000000, 90500000, 78125.00, 3328, -31.25, -30.81, -29.32, -29.32, -28.34, -26.42, -22.36, -25.59, -27.01, -26.59, -26.63, -27.84, -27.76, -27.26, -25.77, -26.87, -25.22, -25.22, -26.79, -27.20, -27.35, -26.46, -27.32, -27.77, -27.43, -26.56, -27.29, -27.27, -28.17, -28.75, -30.28, -31.52, -31.52
2016-11-30, 18:58:23, 90500000, 93000000, 78125.00, 3328, -22.49, -26.15, -27.54, -27.67, -26.57, -26.04, -26.16, -25.89, -23.15, -25.91, -26.41, -26.39, -24.64, -26.12, -24.46, -22.60, -26.61, -26.61, -26.61, -25.39, -23.18, -18.73, -25.71, -25.85, -26.13, -26.90, -26.27, -24.87, -25.64, -24.00, -16.85, -12.04, -12.04
2016-11-30, 18:58:23, 93000000, 95500000, 78125.00, 3328, -19.56, -22.01, -23.46, -23.60, -22.95, -24.47, -23.85, -23.23, -19.89, -15.38, -21.97, -24.20, -22.47, -22.07, -15.58, -22.89, -23.62, -23.62, -21.71, -11.39, -19.96, -22.90, -21.92, -22.36, -21.34, -19.83, -18.22, -14.02, -12.80, -2.11, -5.96, -14.61, -14.61
2016-11-30, 18:58:23, 95500000, 98000000, 78125.00, 3328, -23.10, -21.95, -18.75, -19.30, -23.01, -23.17, -21.71, -21.67, -22.34, -22.89, -22.90, -22.07, -18.93, -14.95, -19.68, -18.38, -5.52, -5.52, -0.00, -10.74, -16.78, -19.56, -20.98, -20.96, -21.69, -20.85, -19.23, -14.55, 0.13, -11.91, -18.08, -21.96, -21.96
2016-11-30, 18:58:23, 98000000, 100500000, 78125.00, 3328, -28.80, -29.77, -28.98, -26.85, -22.99, -22.38, -13.75, -16.47, -23.65, -25.27, -25.55, -22.76, -22.33, -22.80, -25.86, -26.77, -25.33, -25.33, -25.28, -24.57, -24.55, -21.87, -22.56, -22.70, -22.48, -23.35, -25.45, -21.45, -28.06, -29.53, -30.06, -29.95, -29.95
2016-11-30, 18:58:23, 100500000, 103000000, 78125.00, 3328, -25.90, -29.73, -29.41, -27.94, -23.68, -26.50, -26.17, -27.23, -26.70, -27.49, -24.66, -24.66, -23.90, -21.99, -16.54, -4.18, -19.49, -19.49, -22.74, -24.17, -26.09, -26.48, -27.07, -26.22, -23.44, -14.61, -14.56, -23.99, -27.09, -28.12, -25.09, -24.77, -24.77
2016-11-30, 18:58:23, 103000000, 105500000, 78125.00, 3328, -32.45, -31.39, -25.46, -26.04, -27.82, -28.30, -29.16, -30.64, -29.65, -25.38, -28.26, -26.94, -24.21, -15.95, -8.74, -17.89, -27.38, -27.38, -27.25, -26.74, -28.93, -28.88, -27.20, -23.04, -10.55, -16.34, -25.10, -28.40, -29.47, -25.91, -29.28, -31.16, -31.16
2016-11-30, 18:58:23, 105500000, 108000000, 78125.00, 3328, -29.23, -24.99, -14.24, -13.58, -24.78, -28.25, -30.05, -29.88, -29.77, -30.25, -28.79, -25.67, -14.96, -11.54, -20.85, -27.48, -29.40, -29.40, -26.03, -31.99, -32.90, -32.92, -32.09, -24.94, -32.01, -33.39, -33.09, -31.68, -27.17, -30.31, -31.93, -31.24, -31.24
2016-11-30, 18:58:33, 88000000, 90500000, 78125.00, 3584, -31.59, -30.93, -29.72, -29.58, -28.51, -26.43, -22.65, -25.88, -27.39, -26.92, -27.13, -28.28, -28.26, -27.76, -25.99, -27.61, -25.41, -25.41, -27.19, -27.97, -27.90, -26.99, -27.80, -28.25, -27.90, -26.93, -27.91, -27.90, -28.61, -29.16, -30.80, -31.84, -31.84
2016-11-30, 18:58:33, 90500000, 93000000, 78125.00, 3584, -22.06, -25.83, -27.38, -27.53, -26.46, -25.90, -26.09, -25.78, -22.90, -25.94, -26.44, -26.26, -24.50, -26.30, -24.37, -22.36, -26.54, -26.54, -26.72, -25.33, -22.75, -18.93, -25.96, -25.80, -26.16, -26.87, -26.25, -24.91, -25.44, -23.67, -16.07, -11.76, -11.76
2016-11-30, 18:58:33, 93000000, 95500000, 78125.00, 3584, -19.30, -21.73, -23.27, -23.67, -22.42, -24.16, -23.92, -23.38, -19.96, -15.34, -22.45, -24.32, -22.66, -21.92, -15.23, -22.51, -23.60, -23.60, -21.78, -11.29, -18.58, -22.61, -21.56, -22.11, -21.15, -19.53, -17.84, -13.92, -12.71, -2.04, -5.34, -14.28, -14.28
2016-11-30, 18:58:33, 95500000, 98000000, 78125.00, 3584, -23.62, -22.16, -19.07, -18.92, -23.10, -23.22, -21.82, -21.84, -22.52, -23.23, -23.11, -22.26, -19.01, -14.84, -19.91, -18.98, -6.15, -6.15, 0.68, -11.95, -17.35, -19.92, -21.44, -21.52, -22.25, -21.25, -20.03, -15.87, 0.54, -13.54, -18.64, -22.76, -22.76
2016-11-30, 18:58:33, 98000000, 100500000, 78125.00, 3584, -28.70, -29.73, -28.93, -26.81, -22.94, -22.47, -13.59, -16.35, -23.49, -25.08, -25.54, -22.55, -22.33, -22.90, -25.98, -26.69, -25.32, -25.32, -25.35, -24.60, -24.68, -22.02, -22.56, -22.72, -22.57, -23.39, -25.55, -21.43, -28.09, -29.62, -29.73, -30.09, -30.09
2016-11-30, 18:58:33, 100500000, 103000000, 78125.00, 3584, -25.63, -28.86, -29.05, -27.57, -23.55, -26.11, -25.96, -26.90, -26.29, -27.01, -24.08, -24.19, -22.87, -20.90, -14.08, -4.32, -18.77, -18.77, -22.16, -23.82, -25.78, -25.85, -26.48, -25.69, -23.02, -14.73, -14.25, -23.53, -26.67, -27.84, -24.39, -24.35, -24.35
2016-11-30, 18:58:33, 103000000, 105500000, 78125.00, 3584, -32.28, -31.30, -24.57, -25.56, -27.60, -28.18, -29.20, -30.58, -29.29, -24.90, -28.36, -27.19, -24.61, -16.71, -8.06, -17.03, -26.96, -26.96, -27.06, -26.27, -28.99, -28.62, -26.83, -22.27, -9.41, -17.82, -25.39, -28.38, -29.41, -26.08, -28.21, -30.57, -30.57
2016-11-30, 18:58:33, 105500000, 108000000, 78125.00, 3584, -29.63, -25.31, -13.67, -13.17, -25.26, -28.59, -30.32, -29.95, -29.82, -30.09, -28.67, -25.48, -15.75, -10.66, -22.64, -27.79, -28.82, -28.82, -26.21, -31.56, -32.84, -32.74, -31.87, -24.81, -32.05, -33.34, -33.20, -32.31, -26.30, -31.33, -32.31, -31.72, -31.72
2016-11-30, 18:58:43, 88000000, 90500000, 78125.00, 3584, -31.59, -31.06, -29.98, -29.67, -28.76, -26.68, -22.64, -25.68, -27.17, -27.07, -27.19, -28.35, -28.38, -27.65, -26.05, -27.45, -25.73, -25.73, -27.11, -27.93, -27.84, -26.80, -27.62, -28.20, -28.02, -26.95, -27.69, -27.84, -28.68, -29.08, -30.79, -31.76, -31.76
2016-11-30, 18:58:43, 90500000, 93000000, 78125.00, 3584, -22.03, -25.74, -27.11, -27.48, -26.32, -25.82, -25.99, -25.70, -22.81, -25.94, -26.24, -26.33, -24.45, -25.98, -24.27, -22.23, -26.49, -26.49, -26.60, -25.44, -22.97, -18.67, -25.80, -25.66, -26.02, -26.71, -26.00, -24.61, -25.38, -23.40, -15.41, -11.59, -11.59
2016-11-30, 18:58:43, 93000000, 95500000, 78125.00, 3584, -18.77, -21.34, -22.83, -23.39, -22.46, -24.11, -23.89, -23.13, -20.76, -15.35, -21.51, -24.13, -22.58, -22.02, -15.03, -22.78, -23.70, -23.70, -21.45, -11.21, -18.83, -22.48, -21.59, -22.14, -20.91, -19.46, -17.70, -13.45, -12.26, -2.00, -5.51, -13.82, -13.82
2016-11-30, 18:58:43, 95500000, 98000000, 78125.00, 3584, -23.72, -22.14, -18.78, -19.07, -23.32, -23.20, -21.83, -21.89, -22.50, -22.93, -22.83, -22.30, -18.73, -14.88, -19.92, -18.86, -5.46, -5.46, 0.52, -11.32, -17.30, -19.93, -21.44, -21.45, -22.04, -21.09, -19.62, -14.40, 0.50, -13.39, -18.71, -22.64, -22.64
2016-11-30, 18:58:43, 98000000, 100500000, 78125.00, 3584, -28.67, -29.50, -28.85, -26.74, -22.83, -22.30, -13.27, -16.36, -23.48, -25.12, -25.48, -22.66, -21.91, -22.88, -25.69, -26.44, -25.44, -25.44, -25.30, -24.47, -24.61, -21.91, -22.46, -22.58, -22.67, -23.25, -25.46, -21.22, -27.84, -29.49, -29.71, -30.02, -30.02
2016-11-30, 18:58:43, 100500000, 103000000, 78125.00, 3584, -25.59, -28.69, -28.87, -27.59, -23.64, -26.20, -25.99, -26.87, -26.56, -26.99, -23.86, -24.28, -23.08, -21.06, -14.71, -4.53, -18.49, -18.49, -21.98, -23.88, -25.72, -25.96, -26.48, -25.58, -22.82, -14.22, -14.21, -23.18, -26.40, -27.67, -24.62, -24.20, -24.20
2016-11-30, 18:58:43, 103000000, 105500000, 78125.00, 3584, -32.16, -31.12, -23.47, -25.26, -27.47, -28.24, -29.14, -30.58, -29.52, -25.08, -28.11, -26.69, -23.93, -15.95, -8.25, -17.87, -27.07, -27.07, -26.98, -26.42, -28.87, -28.81, -27.02, -22.65, -10.09, -16.50, -25.01, -28.18, -29.34, -25.59, -28.90, -30.91, -30.91
2016-11-30, 18:58:43, 105500000, 108000000, 78125.00, 3584, -29.47, -25.23, -13.87, -13.41, -25.14, -28.42, -30.32, -30.02, -29.80, -30.03, -28.55, -25.33, -14.94, -11.48, -22.19, -27.82, -29.04, -29.04, -26.14, -31.91, -32.92, -32.84, -31.86, -24.66, -31.79, -33.30, -33.30, -32.03, -26.72, -31.03, -32.23, -31.56, -31.56
2016-11-30, 18:58:53, 88000000, 90500000, 78125.00, 3584, -31.38, -30.88, -29.52, -29.31, -28.24, -26.69, -22.41, -25.54, -27.01, -26.69, -26.86, -27.74, -27.73, -27.29, -25.63, -27.05, -25.31, -25.31, -26.54, -27.30, -27.28, -26.47, -27.37, -27.88, -27.45, -26.46, -27.34, -27.36, -28.27, -28.71, -30.43, -31.36, -31.36
2016-11-30, 18:58:53, 90500000, 93000000, 78125.00, 3584, -22.51, -26.21, -27.51, -27.52, -26.46, -25.92, -25.95, -25.87, -23.55, -25.85, -26.45, -26.31, -24.77, -26.12, -24.24, -22.58, -26.47, -26.47, -26.55, -25.50, -23.28, -18.63, -25.64, -25.85, -26.13, -26.74, -26.06, -24.93, -25.71, -23.81, -16.33, -12.07, -12.07
2016-11-30, 18:58:53, 93000000, 95500000, 78125.00, 3584, -19.61, -21.96, -23.36, -23.70, -22.86, -24.26, -24.06, -23.49, -20.46, -15.46, -21.68, -24.37, -22.48, -22.06, -15.49, -23.23, -23.74, -23.74, -21.59, -11.65, -19.26, -22.92, -21.91, -22.52, -21.30, -19.69, -17.88, -13.83, -12.77, -1.99, -6.37, -14.61, -14.61
2016-11-30, 18:58:53, 95500000, 98000000, 78125.00, 3584, -22.34, -21.87, -19.10, -18.02, -22.78, -22.96, -21.48, -21.56, -22.23, -22.88, -22.77, -22.07, -18.89, -14.83, -19.74, -18.54, -5.93, -5.93, 0.35, -8.97, -15.93, -18.95, -20.54, -20.59, -21.15, -20.08, -18.22, -12.57, -0.14, -10.16, -17.25, -21.00, -21.00
2016-11-30, 18:58:53, 98000000, 100500000, 78125.00, 3584, -28.61, -29.50, -28.60, -26.54, -22.79, -22.06, -13.66, -16.37, -23.40, -24.94, -25.32, -22.59, -22.13, -22.97, -25.60, -26.16, -25.25, -25.25, -25.16, -24.38, -24.43, -21.77, -22.28, -22.50, -22.42, -23.22, -25.49, -21.27, -27.79, -29.38, -29.66, -29.80, -29.80
2016-11-30, 18:58:53, 100500000, 103000000, 78125.00, 3584, -25.48, -29.09, -28.84, -27.40, -23.43, -26.07, -25.70, -26.88, -26.26, -26.94, -24.25, -24.09, -23.05, -21.11, -15.53, -4.34, -18.41, -18.41, -21.96, -23.57, -25.60, -25.89, -26.53, -25.84, -23.34, -14.77, -14.59, -23.66, -26.80, -27.81, -25.15, -24.11, -24.11
2016-11-30, 18:58:53, 103000000, 105500000, 78125.00, 3584, -32.06, -30.94, -23.80, -25.00, -27.65, -28.11, -29.03, -30.45, -29.50, -25.09, -28.04, -26.90, -24.12, -16.65, -8.20, -16.83, -26.76, -26.76, -26.69, -26.54, -28.94, -28.58, -26.94, -22.51, -10.11, -16.84, -25.04, -28.14, -29.36, -25.93, -28.33, -30.63, -30.63
2016-11-30, 18:58:53, 105500000, 108000000, 78125.00, 3584, -29.60, -25.56, -14.74, -12.87, -25.04, -28.28, -30.36, -30.14, -29.95, -30.09, -28.61, -25.52, -15.01, -11.63, -22.22, -27.85, -29.42, -29.42, -26.15, -31.66, -32.92, -32.68, -31.65, -24.65, -31.95, -33.21, -33.11, -31.97, -26.85, -31.12, -32.37, -31.58, -31.58
2016-11-30, 18:59:03, 88000000, 90500000, 78125.00, 3840, -31.26, -30.68, -29.30, -29.28, -28.11, -26.45, -22.41, -25.21, -26.88, -26.59, -26.68, -27.67, -27.59, -27.15, -25.52, -26.90, -24.93, -24.93, -26.59, -27.41, -27.40, -26.45, -27.38, -27.86, -27.42, -26.36, -27.13, -27.37, -28.18, -28.64, -30.23, -31.30, -31.30
2016-11-30, 18:59:03, 90500000, 93000000, 78125.00, 3840, -22.21, -25.82, -27.37, -27.50, -26.33, -25.86, -25.94, -25.63, -23.06, -25.70, -26.19, -26.15, -24.47, -25.97, -24.30, -22.24, -26.37, -26.37, -26.56, -25.33, -23.42, -18.71, -25.74, -25.69, -26.08, -26.79, -26.07, -24.79, -25.33, -23.52, -15.68, -11.91, -11.91
2016-11-30, 18:59:03, 93000000, 95500000, 78125.00, 3840, -18.83, -21.29, -22.90, -23.36, -22.40, -24.11, -23.80, -23.06, -19.60, -15.74, -21.03, -24.07, -22.45, -22.37, -15.21, -23.30, -23.72, -23.72, -21.69, -11.34, -19.74, -22.73, -21.58, -22.11, -20.81, -19.15, -17.71, -13.75, -12.61, -2.28, -5.68, -13.87, -13.87
2016-11-30, 18:59:03, 95500000, 98000000, 78125.00, 3840, -23.08, -21.96, -18.85, -18.49, -22.95, -23.27, -21.81, -21.72, -22.48, -23.01, -22.89, -22.09, -18.98, -14.86, -19.98, -18.85, -6.22, -6.22, 0.72, -10.53, -16.95, -19.70, -21.25, -21.02, -21.68, -20.77, -19.13, -14.01, 0.36, -11.78, -18.06, -21.81, -21.81
2016-11-30, 18:59:03, 98000000, 100500000, 78125.00, 3840, -28.51, -29.55, -28.61, -26.54, -22.66, -22.07, -13.67, -16.42, -23.45, -24.97, -25.37, -22.64, -21.75, -22.83, -25.74, -26.29, -25.11, -25.11, -25.12, -24.31, -24.49, -21.73, -22.29, -22.62, -22.40, -23.20, -25.47, -21.20, -27.51, -29.20, -29.36, -29.85, -29.85
2016-11-30, 18:59:03, 100500000, 103000000, 78125.00, 3840, -25.28, -29.22, -28.87, -27.46, -23.42, -26.04, -25.77, -26.82, -26.41, -27.02, -24.13, -24.17, -23.02, -21.10, -15.13, -3.95, -18.71, -18.71, -21.99, -23.73, -25.56, -25.87, -26.50, -25.73, -23.24, -14.63, -14.52, -23.77, -26.88, -27.78, -25.07, -24.13, -24.13
2016-11-30, 18:59:03, 103000000, 105500000, 78125.00, 3840, -32.03, -30.84, -22.78, -24.55, -27.63, -28.31, -29.16, -30.57, -29.89, -25.00, -28.13, -27.10, -24.43, -16.81, -8.10, -16.72, -26.85, -26.85, -26.85, -26.44, -28.93, -28.68, -27.02, -23.12, -10.11, -16.42, -24.74, -27.99, -29.19, -25.92, -28.38, -30.82, -30.82
2016-11-30, 18:59:03, 105500000, 108000000, 78125.00, 3840, -29.34, -25.20, -14.82, -12.56, -24.77, -28.12, -30.23, -30.10, -29.88, -30.18, -28.86, -25.76, -15.39, -11.57, -21.52, -27.71, -29.47, -29.47, -26.05, -31.50, -32.80, -32.76, -32.00, -24.55, -31.45, -33.15, -33.02, -32.01, -27.08, -30.67, -31.99, -31.38, -31.38
2016-11-30, 18:59:13, 88000000, 90500000, 78125.00, 3584, -31.14, -30.57, -29.32, -29.16, -28.09, -26.44, -22.43, -24.87, -26.64, -26.59, -26.60, -27.65, -27.74, -27.19, -25.31, -26.84, -25.18, -25.18, -26.36, -27.15, -27.14, -26.43, -27.29, -27.66, -27.35, -26.38, -27.24, -27.17, -28.14, -28.52, -30.09, -31.15, -31.15
2016-11-30, 18:59:13, 90500000, 93000000, 78125.00, 3584, -22.38, -25.99, -27.61, -27.77, -26.32, -25.96, -26.17, -25.79, -22.88, -25.82, -26.20, -26.44, -24.43, -26.14, -24.34, -22.61, -26.46, -26.46, -26.81, -25.39, -22.96, -18.68, -25.84, -25.76, -26.03, -26.92, -26.17, -24.91, -25.46, -23.77, -16.37, -12.02, -12.02
2016-11-30, 18:59:13, 93000000, 95500000, 78125.00, 3584, -18.58, -21.10, -22.65, -23.00, -22.37, -23.93, -23.43, -22.81, -18.77, -15.66, -22.28, -23.91, -22.25, -22.45, -14.96, -23.42, -23.52, -23.52, -21.20, -11.16, -19.65, -22.51, -21.52, -21.81, -20.73, -19.11, -17.44, -13.43, -12.05, -1.64, -6.11, -13.78, -13.78
2016-11-30, 18:59:13, 95500000, 98000000, 78125.00, 3584, -22.82, -21.71, -18.92, -18.75, -22.86, -22.95, -21.64, -21.77, -22.35, -23.14, -23.02, -22.45, -19.29, -14.72, -20.28, -19.36, -7.65, -7.65, 1.12, -12.50, -17.94, -20.38, -21.69, -21.28, -21.85, -20.69, -19.00, -13.76, 0.26, -10.66, -17.76, -21.49, -21.49
2016-11-30, 18:59:13, 98000000, 100500000, 78125.00, 3584, -28.59, -29.85, -28.62, -26.56, -22.90, -22.07, -13.63, -16.54, -23.44, -25.12, -25.52, -22.47, -21.98, -23.04, -25.65, -26.31, -24.91, -24.91, -25.14, -24.28, -24.58, -21.57, -22.38, -22.45, -22.24, -23.12, -25.21, -21.46, -27.76, -29.19, -29.30, -29.86, -29.86
2016-11-30, 18:59:13, 100500000, 103000000, 78125.00, 3584, -25.07, -29.61, -28.54, -27.32, -23.40, -25.83, -25.64, -26.66, -26.47, -26.88, -23.90, -23.95, -22.99, -21.21, -16.28, -3.62, -18.38, -18.38, -21.62, -23.48, -25.26, -25.78, -26.21, -25.38, -22.70, -14.65, -14.31, -23.36, -26.36, -27.62, -25.38, -23.83, -23.83
2016-11-30, 18:59:13, 103000000, 105500000, 78125.00, 3584, -32.13, -31.03, -23.48, -24.99, -27.34, -28.04, -29.04, -30.68, -29.55, -24.79, -28.27, -27.38, -24.93, -17.71, -7.47, -17.67, -27.27, -27.27, -27.10, -26.47, -28.84, -28.50, -26.76, -22.55, -9.61, -16.07, -24.62, -28.00, -29.12, -25.71, -28.27, -30.45, -30.45
2016-11-30, 18:59:13, 105500000, 108000000, 78125.00, 3584, -29.20, -25.00, -14.30, -12.74, -24.49, -27.91, -30.04, -29.90, -29.90, -29.95, -28.72, -25.54, -14.63, -11.40, -22.35, -27.91, -29.52, -29.52, -25.83, -31.70, -32.87, -32.87, -31.65, -24.67, -31.77, -33.29, -32.93, -31.53, -26.70, -30.92, -31.94, -31.30, -31.30
2016-11-30, 18:59:23, 88000000, 90500000, 78125.00, 3584, -30.70, -30.04, -28.82, -28.43, -27.53, -25.66, -21.73, -24.49, -26.32, -26.18, -26.00, -27.11, -27.16, -26.83, -24.93, -26.51, -24.48, -24.48, -25.88, -26.74, -26.79, -26.23, -26.53, -27.45, -27.07, -25.95, -26.76, -26.97, -27.95, -28.32, -29.86, -31.02, -31.02
2016-11-30, 18:59:23, 90500000, 93000000, 78125.00, 3584, -21.94, -25.42, -26.91, -27.11, -26.00, -25.14, -25.40, -25.04, -22.31, -25.00, -25.53, -25.84, -23.73, -25.41, -23.78, -22.15, -25.93, -25.93, -26.17, -24.94, -22.57, -18.25, -25.31, -25.33, -25.32, -26.30, -25.58, -24.38, -24.98, -23.39, -15.94, -11.54, -11.54
2016-11-30, 18:59:23, 93000000, 95500000, 78125.00, 3584, -18.22, -20.69, -22.28, -22.58, -22.00, -23.73, -23.25, -22.50, -19.17, -14.95, -21.65, -23.82, -22.35, -22.05, -14.39, -22.99, -23.25, -23.25, -20.72, -10.57, -18.42, -22.18, -20.92, -21.32, -20.14, -18.60, -16.96, -13.04, -11.61, -0.86, -5.73, -13.40, -13.40
2016-11-30, 18:59:23, 95500000, 98000000, 78125.00, 3584, -22.36, -21.07, -18.25, -18.78, -22.47, -22.46, -21.08, -21.46, -21.78, -22.51, -22.57, -21.77, -18.59, -14.20, -19.63, -18.51, -6.29, -6.29, 1.29, -11.65, -17.10, -19.47, -20.78, -20.59, -21.05, -20.09, -18.34, -12.12, 0.54, -10.32, -17.37, -21.04, -21.04
2016-11-30, 18:59:23, 98000000, 100500000, 78125.00, 3584, -28.43, -29.30, -28.29, -26.05, -22.40, -21.60, -13.59, -15.83, -23.18, -24.69, -24.99, -21.96, -21.89, -23.31, -25.52, -26.00, -25.05, -25.05, -24.83, -24.25, -24.29, -21.20, -21.97, -22.08, -21.79, -22.78, -24.99, -21.04, -27.65, -28.91, -29.34, -29.41, -29.41
2016-11-30, 18:59:23, 100500000, 103000000, 78125.00, 3584, -24.58, -29.16, -28.46, -27.20, -23.57, -25.73, -25.83, -26.69, -26.01, -26.70, -23.69, -23.77, -22.63, -20.65, -15.51, -3.13, -17.96, -17.96, -21.31, -23.52, -25.20, -25.44, -26.24, -25.50, -22.90, -14.40, -14.22, -23.34, -26.35, -27.48, -25.07, -23.42, -23.42
2016-11-30, 18:59:23, 103000000, 105500000, 78125.00, 3584, -31.09, -30.39, -23.90, -25.83, -26.94, -27.79, -28.87, -29.56, -28.48, -23.30, -26.90, -25.60, -22.47, -14.39, -6.94, -14.46, -25.22, -25.22, -25.68, -25.31, -27.21, -26.92, -24.95, -20.65, -8.23, -14.27, -22.80, -26.27, -27.77, -24.63, -26.58, -29.34, -29.34
2016-11-30, 18:59:23, 105500000, 108000000, 78125.00, 3584, -28.15, -23.52, -11.88, -13.51, -24.36, -27.75, -29.55, -29.32, -29.13, -29.47, -27.98, -24.70, -14.80, -10.34, -20.96, -26.86, -27.66, -27.66, -25.46, -31.34, -32.37, -32.36, -31.11, -24.27, -31.30, -32.96, -32.83, -31.53, -25.89, -30.14, -31.30, -30.50, -30.50
2016-11-30, 18:59:33, 88000000, 90500000, 78125.00, 3840, -30.52, -29.92, -28.66, -28.16, -27.18, -25.30, -22.24, -24.35, -26.09, -25.72, -25.74, -26.81, -26.91, -26.37, -24.58, -26.29, -24.17, -24.17, -25.74, -26.61, -26.59, -25.93, -26.55, -27.06, -26.74, -25.70, -26.67, -26.70, -27.76, -28.18, -29.73, -30.77, -30.77
2016-11-30, 18:59:33, 90500000, 93000000, 78125.00, 3840, -22.39, -25.68, -27.13, -27.19, -26.03, -25.55, -25.52, -25.20, -22.63, -25.35, -25.90, -26.02, -23.97, -25.49, -23.86, -22.38, -26.13, -26.13, -26.23, -25.19, -22.55, -18.23, -25.40, -25.34, -25.71, -26.40, -25.79, -24.61, -25.24, -23.66, -16.30, -12.15, -12.15
2016-11-30, 18:59:33, 93000000, 95500000, 78125.00, 3840, -18.67, -21.23, -22.69, -22.97, -22.11, -23.86, -23.46, -22.77, -20.14, -14.92, -21.85, -23.95, -22.46, -21.90, -14.80, -22.57, -23.23, -23.23, -20.30, -11.07, -18.58, -22.24, -21.26, -21.85, -20.79, -19.23, -17.50, -13.67, -12.21, -1.53, -5.26, -13.89, -13.89
2016-11-30, 18:59:33, 95500000, 98000000, 78125.00, 3840, -22.69, -21.43, -18.45, -18.35, -22.58, -22.58, -21.34, -21.58, -21.89, -22.74, -22.56, -21.91, -18.49, -14.46, -19.64, -18.42, -6.70, -6.70, 1.30, -10.67, -16.69, -19.33, -20.79, -20.82, -21.29, -20.18, -18.62, -13.00, 0.68, -11.50, -17.69, -21.42, -21.42
2016-11-30, 18:59:33, 98000000, 100500000, 78125.00, 3840, -28.46, -29.68, -28.41, -26.36, -22.58, -22.18, -13.47, -16.15, -23.27, -24.91, -24.99, -22.13, -22.22, -23.51, -25.75, -26.09, -24.74, -24.74, -24.96, -24.43, -23.99, -20.93, -21.66, -21.83, -21.54, -22.53, -25.23, -20.96, -27.85, -28.94, -29.08, -29.65, -29.65
2016-11-30, 18:59:33, 100500000, 103000000, 78125.00, 3840, -25.13, -29.16, -28.91, -27.25, -23.50, -25.79, -25.95, -26.72, -26.00, -26.81, -23.85, -23.98, -22.85, -21.10, -15.77, -3.85, -18.30, -18.30, -21.62, -23.72, -25.33, -25.57, -26.21, -25.39, -22.91, -14.59, -14.07, -23.27, -26.41, -27.49, -25.03, -23.76, -23.76
2016-11-30, 18:59:33, 103000000, 105500000, 78125.00, 3840, -31.40, -30.45, -23.95, -25.22, -26.86, -27.91, -28.73, -29.66, -28.54, -23.24, -26.89, -25.45, -22.38, -13.90, -7.05, -15.37, -25.64, -25.64, -25.97, -25.40, -27.60, -27.31, -25.44, -21.22, -8.01, -14.99, -23.46, -26.76, -28.01, -24.59, -27.05, -29.64, -29.64
2016-11-30, 18:59:33, 105500000, 108000000, 78125.00, 3840, -28.57, -24.11, -12.39, -12.77, -24.43, -27.92, -29.93, -29.77, -29.57, -29.77, -28.42, -25.04, -14.52, -10.51, -21.78, -27.42, -27.84, -27.84, -25.58, -31.38, -32.51, -32.49, -30.69, -24.72, -31.54, -33.14, -32.56, -31.34, -26.35, -30.33, -31.48, -30.80, -30.80
2016-11-30, 18:59:43, 88000000, 90500000, 78125.00, 3840, -30.67, -29.87, -28.66, -28.09, -27.19, -25.57, -22.08, -24.46, -26.00, -26.12, -25.83, -26.67, -26.78, -26.41, -24.56, -26.16, -24.75, -24.75, -25.76, -26.48, -26.43, -25.84, -26.41, -26.96, -26.72, -25.89, -26.47, -26.61, -27.66, -28.14, -29.71, -30.70, -30.70
2016-11-30, 18:59:43, 90500000, 93000000, 78125.00, 3840, -21.98, -25.45, -27.01, -26.93, -26.04, -25.03, -25.37, -25.18, -22.89, -25.18, -25.66, -25.84, -24.07, -25.49, -23.77, -22.01, -25.96, -25.96, -26.13, -25.10, -22.41, -18.26, -25.29, -25.33, -25.55, -26.36, -25.66, -24.58, -25.07, -23.37, -15.80, -11.64, -11.64
2016-11-30, 18:59:43, 93000000, 95500000, 78125.00, 3840, -19.06, -21.50, -23.03, -23.19, -22.33, -24.02, -23.56, -22.82, -20.29, -14.59, -21.59, -23.84, -22.40, -21.53, -15.12, -22.16, -23.14, -23.14, -20.56, -10.85, -18.36, -22.33, -21.35, -21.76, -20.72, -19.05, -17.73, -13.75, -12.27, -1.62, -5.00, -13.96, -13.96
2016-11-30, 18:59:43, 95500000, 98000000, 78125.00, 3840, -22.20, -21.03, -17.92, -18.95, -22.58, -22.53, -21.19, -21.43, -21.86, -22.32, -22.42, -21.70, -18.55, -14.22, -19.28, -17.83, -4.84, -4.84, 0.97, -11.16, -16.78, -19.27, -20.59, -20.55, -21.00, -20.22, -18.71, -13.89, 0.61, -10.55, -17.13, -20.93, -20.93
2016-11-30, 18:59:43, 98000000, 100500000, 78125.00, 3840, -28.47, -29.68, -28.56, -26.30, -22.50, -22.10, -13.26, -15.84, -23.24, -25.07, -25.28, -22.20, -22.07, -23.71, -25.65, -26.33, -24.88, -24.88, -25.17, -24.35, -24.16, -21.11, -21.77, -21.97, -21.75, -22.66, -25.11, -21.12, -27.88, -29.30, -29.34, -29.73, -29.73
2016-11-30, 18:59:43, 100500000, 103000000, 78125.00, 3840, -25.38, -28.56, -28.44, -27.22, -23.66, -25.81, -25.96, -26.55, -25.88, -26.31, -23.40, -23.42, -22.08, -19.68, -12.48, -3.84, -18.07, -18.07, -21.44, -23.44, -25.19, -25.45, -26.08, -25.26, -22.68, -14.46, -14.07, -22.94, -26.07, -27.19, -23.64, -23.84, -23.84
2016-11-30, 18:59:43, 103000000, 105500000, 78125.00, 3840, -31.48, -30.46, -23.98, -25.28, -26.73, -27.99, -29.16, -30.18, -29.01, -23.46, -27.70, -26.53, -23.73, -15.90, -6.21, -17.56, -26.56, -26.56, -26.53, -25.65, -27.96, -27.61, -25.69, -21.09, -7.95, -15.95, -23.86, -27.22, -28.32, -24.49, -27.45, -29.91, -29.91
2016-11-30, 18:59:43, 105500000, 108000000, 78125.00, 3840, -27.75, -23.30, -12.28, -12.28, -23.48, -27.04, -29.22, -29.05, -29.19, -29.35, -27.97, -24.64, -14.29, -10.56, -21.57, -27.07, -28.18, -28.18, -24.82, -31.31, -32.25, -32.29, -31.09, -24.32, -31.22, -32.76, -32.28, -31.10, -25.91, -30.12, -30.86, -29.98, -29.98
2016-11-30, 18:59:53, 88000000, 90500000, 78125.00, 3584, -30.63, -29.87, -28.54, -28.15, -27.27, -25.51, -21.96, -24.35, -25.90, -25.80, -25.63, -26.84, -26.88, -26.46, -24.60, -26.38, -24.23, -24.23, -25.72, -26.63, -26.57, -25.98, -26.42, -26.99, -26.85, -25.57, -26.65, -26.75, -27.77, -28.08, -29.67, -30.72, -30.72
2016-11-30, 18:59:53, 90500000, 93000000, 78125.00, 3584, -21.24, -25.13, -26.66, -26.78, -26.03, -25.12, -25.41, -25.29, -22.96, -25.36, -25.71, -25.92, -24.24, -25.60, -24.03, -21.55, -25.88, -25.88, -26.09, -25.14, -22.30, -18.34, -25.40, -25.32, -25.56, -26.29, -25.55, -24.52, -24.73, -22.63, -14.88, -10.95, -10.95
2016-11-30, 18:59:53, 93000000, 95500000, 78125.00, 3584, -18.69, -21.23, -22.73, -23.13, -22.24, -24.08, -23.44, -22.78, -19.51, -15.13, -20.41, -23.68, -22.09, -21.67, -15.04, -21.92, -23.26, -23.26, -20.87, -10.86, -18.37, -22.36, -21.49, -22.09, -21.00, -19.31, -17.67, -13.74, -12.37, -2.05, -4.33, -13.45, -13.45
2016-11-30, 18:59:53, 95500000, 98000000, 78125.00, 3584, -22.11, -21.13, -18.14, -17.64, -22.36, -22.43, -21.14, -21.46, -21.74, -22.45, -22.29, -21.60, -18.39, -14.12, -19.36, -17.95, -4.93, -4.93, 1.19, -8.71, -15.71, -18.61, -20.17, -20.28, -20.56, -19.81, -18.22, -13.14, 0.92, -10.44, -16.61, -20.68, -20.68
2016-11-30, 18:59:53, 98000000, 100500000, 78125.00, 3584, -28.66, -29.53, -28.48, -26.33, -22.62, -21.93, -12.74, -16.31, -23.55, -24.93, -25.34, -22.19, -21.90, -23.85, -25.45, -26.23, -24.87, -24.87, -25.14, -24.54, -24.28, -21.24, -21.79, -21.99, -21.94, -22.96, -25.29, -20.88, -27.91, -29.36, -29.53, -29.77, -29.77
2016-11-30, 18:59:53, 100500000, 103000000, 78125.00, 3584, -25.06, -28.78, -28.35, -27.31, -23.53, -25.82, -25.94, -26.74, -26.12, -26.73, -23.79, -23.59, -22.62, -20.56, -14.48, -3.45, -18.17, -18.17, -21.56, -23.54, -25.27, -25.71, -26.41, -25.54, -23.14, -14.19, -13.95, -23.69, -26.56, -27.65, -24.57, -23.61, -23.61
2016-11-30, 18:59:53, 103000000, 105500000, 78125.00, 3584, -31.22, -29.85, -21.87, -23.62, -26.53, -28.16, -29.31, -30.33, -29.19, -23.50, -28.01, -27.09, -24.49, -16.74, -6.09, -18.94, -27.11, -27.11, -26.67, -25.82, -28.03, -27.68, -25.61, -20.84, -7.82, -14.76, -23.47, -26.90, -28.17, -24.49, -27.56, -29.76, -29.76
2016-11-30, 18:59:53, 105500000, 108000000, 78125.00, 3584, -28.41, -23.61, -11.85, -12.92, -24.39, -27.95, -29.87, -29.70, -29.44, -29.56, -28.12, -24.78, -14.54, -9.86, -20.64, -26.78, -27.22, -27.22, -25.59, -31.06, -32.36, -32.41, -31.24, -24.24, -31.56, -32.94, -32.66, -31.32, -25.84, -29.75, -31.36, -30.64, -30.64
2016-11-30, 19:00:03, 88000000, 90500000, 78125.00, 3584, -31.08, -30.19, -28.99, -28.50, -27.64, -26.07, -22.29, -24.64, -26.36, -26.41, -26.29, -27.06, -26.98, -26.74, -24.82, -26.47, -25.20, -25.20, -25.96, -26.87, -26.82, -26.45, -26.80, -27.41, -27.11, -26.30, -26.85, -26.94, -28.03, -28.50, -30.01, -31.04, -31.04
2016-11-30, 19:00:03, 90500000, 93000000, 78125.00, 3584, -21.47, -25.19, -27.01, -27.03, -26.05, -25.37, -25.79, -25.34, -22.77, -25.30, -25.92, -26.09, -24.14, -25.68, -24.23, -21.98, -26.25, -26.25, -26.49, -25.08, -22.04, -18.28, -25.46, -25.60, -25.64, -26.58, -25.74, -24.66, -24.90, -22.99, -15.29, -10.94, -10.94
2016-11-30, 19:00:03, 93000000, 95500000, 78125.00, 3584, -18.61, -21.15, -22.75, -23.02, -22.19, -24.00, -23.60, -22.85, -19.56, -15.05, -21.73, -23.97, -22.41, -21.69, -14.94, -22.44, -23.34, -23.34, -20.88, -10.77, -18.38, -22.35, -21.48, -22.03, -20.91, -19.35, -17.67, -13.72, -12.19, -1.45, -5.14, -13.62, -13.62
2016-11-30, 19:00:03, 95500000, 98000000, 78125.00, 3584, -22.22, -21.13, -18.05, -18.42, -22.57, -22.69, -21.24, -21.69, -21.98, -22.72, -22.64, -21.75, -18.45, -14.29, -19.59, -18.20, -5.58, -5.58, 1.47, -10.70, -16.66, -19.39, -20.74, -20.69, -21.17, -20.32, -18.68, -13.55, 0.93, -10.32, -17.09, -20.93, -20.93
2016-11-30, 19:00:03, 98000000, 100500000, 78125.00, 3584, -28.77, -29.80, -28.55, -26.30, -22.63, -21.61, -12.81, -16.46, -23.35, -24.86, -25.13, -22.05, -21.90, -23.96, -25.60, -26.34, -25.03, -25.03, -24.91, -24.60, -24.35, -21.27, -21.87, -22.13, -21.78, -22.81, -25.27, -20.83, -27.70, -29.26, -29.43, -29.55, -29.55
2016-11-30, 19:00:03, 100500000, 103000000, 78125.00, 3584, -25.00, -29.43, -28.75, -27.65, -23.61, -26.13, -26.48, -26.94, -26.41, -27.04, -24.00, -24.20, -23.13, -21.30, -16.66, -3.06, -18.70, -18.70, -21.92, -24.03, -25.50, -25.92, -26.52, -25.59, -23.18, -14.03, -14.06, -23.49, -26.53, -27.62, -24.96, -23.77, -23.77
2016-11-30, 19:00:03, 103000000, 105500000, 78125.00, 3584, -30.97, -29.48, -21.01, -23.15, -26.53, -27.76, -29.14, -29.97, -28.82, -23.26, -27.45, -26.09, -23.42, -15.42, -6.32, -17.16, -26.29, -26.29, -26.24, -25.47, -27.93, -27.48, -25.51, -21.12, -7.74, -15.70, -23.62, -26.84, -28.23, -24.35, -27.32, -29.71, -29.71
2016-11-30, 19:00:03, 105500000, 108000000, 78125.00, 3584, -27.61, -23.18, -11.79, -12.56, -23.39, -26.90, -28.92, -28.98, -28.88, -29.04, -27.48, -24.21, -13.24, -10.59, -22.08, -27.20, -28.10, -28.10, -24.77, -31.37, -32.36, -32.33, -31.88, -23.99, -31.77, -32.64, -32.36, -30.88, -25.64, -30.38, -30.92, -29.92, -29.92
2016-11-30, 19:00:13, 88000000, 90500000, 78125.00, 3328, -30.79, -29.98, -28.94, -28.46, -27.55, -25.70, -22.03, -24.92, -26.18, -26.09, -25.83, -27.05, -27.19, -26.55, -24.91, -26.45, -24.33, -24.33, -25.98, -26.63, -26.67, -26.27, -26.76, -27.28, -27.07, -25.89, -26.78, -26.82, -28.12, -28.38, -30.02, -31.03, -31.03
2016-11-30, 19:00:13, 90500000, 93000000, 78125.00, 3328, -21.80, -25.56, -27.13, -27.22, -26.02, -25.43, -25.53, -25.60, -23.30, -25.57, -26.07, -26.21, -24.45, -25.75, -24.24, -22.01, -26.21, -26.21, -26.33, -25.23, -22.81, -18.41, -25.50, -25.62, -25.89, -26.51, -25.93, -24.88, -25.16, -23.16, -15.24, -11.31, -11.31
2016-11-30, 19:00:13, 93000000, 95500000, 78125.00, 3328, -18.53, -21.12, -22.61, -23.06, -22.17, -24.02, -23.57, -23.04, -20.64, -14.73, -22.42, -24.11, -22.27, -21.87, -14.92, -22.80, -23.38, -23.38, -21.08, -11.27, -17.57, -22.13, -21.30, -21.84, -20.58, -18.98, -17.47, -13.61, -12.14, -1.41, -5.44, -13.59, -13.59
2016-11-30, 19:00:13, 95500000, 98000000, 78125.00, 3328, -22.15, -21.19, -18.20, -18.38, -22.45, -22.62, -21.18, -21.64, -21.81, -22.78, -22.35, -21.67, -18.70, -14.16, -19.44, -18.11, -4.73, -4.73, 0.93, -10.01, -16.48, -19.13, -20.60, -20.53, -21.02, -20.20, -18.81, -14.27, 0.76, -9.43, -16.76, -20.72, -20.72
2016-11-30, 19:00:13, 98000000, 100500000, 78125.00, 3328, -28.80, -29.71, -28.61, -26.46, -22.71, -21.83, -13.49, -15.49, -23.36, -25.17, -25.28, -22.35, -21.67, -23.92, -25.66, -26.37, -24.87, -24.87, -25.07, -24.55, -24.25, -21.27, -22.01, -22.05, -21.95, -22.90, -25.34, -20.78, -27.66, -29.21, -29.53, -29.70, -29.70
2016-11-30, 19:00:13, 100500000, 103000000, 78125.00, 3328, -24.77, -29.17, -28.72, -27.40, -23.51, -25.89, -26.12, -26.69, -26.24, -26.80, -23.96, -23.83, -22.75, -20.81, -15.46, -3.31, -18.26, -18.26, -21.53, -23.71, -25.30, -25.57, -26.38, -25.53, -23.12, -14.98, -13.51, -23.29, -26.35, -27.61, -25.11, -23.53, -23.53
2016-11-30, 19:00:13, 103000000, 105500000, 78125.00, 3328, -31.51, -30.34, -22.77, -24.85, -26.60, -28.16, -29.50, -30.51, -29.14, -23.75, -28.09, -27.41, -24.76, -16.70, -6.25, -18.21, -27.23, -27.23, -27.06, -25.61, -28.19, -27.50, -25.33, -20.59, -8.31, -14.03, -23.01, -26.58, -27.92, -24.58, -27.68, -29.87, -29.87
2016-11-30, 19:00:13, 105500000, 108000000, 78125.00, 3328, -27.17, -22.89, -12.28, -11.78, -22.77, -26.47, -28.70, -28.67, -28.82, -29.15, -27.97, -24.80, -14.11, -10.53, -19.18, -26.28, -28.51, -28.51, -24.29, -31.20, -32.00, -32.09, -31.10, -24.41, -31.26, -32.58, -32.19, -30.64, -26.37, -28.90, -30.48, -29.49, -29.49
2016-11-30, 19:00:23, 88000000, 90500000, 78125.00, 4352, -30.82, -30.19, -28.94, -28.39, -27.53, -25.82, -22.05, -24.69, -26.27, -26.15, -25.98, -27.31, -27.25, -26.66, -24.93, -26.61, -24.53, -24.53, -25.95, -26.83, -26.79, -26.25, -26.89, -27.32, -27.06, -26.05, -26.70, -26.76, -28.02, -28.44, -29.92, -31.01, -31.01
2016-11-30, 19:00:23, 90500000, 93000000, 78125.00, 4352, -21.45, -25.19, -26.89, -26.95, -26.06, -25.32, -25.50, -25.41, -23.00, -25.42, -25.81, -26.10, -24.22, -25.65, -24.07, -21.84, -26.15, -26.15, -26.31, -25.24, -23.30, -18.54, -25.53, -25.59, -25.83, -26.42, -25.72, -24.82, -24.96, -22.99, -15.25, -11.14, -11.14
2016-11-30, 19:00:23, 93000000, 95500000, 78125.00, 4352, -19.13, -21.62, -23.06, -23.26, -22.25, -24.11, -23.52, -22.82, -20.23, -15.01, -21.57, -23.90, -22.27, -21.64, -15.03, -22.77, -23.21, -23.21, -21.15, -10.99, -18.28, -22.47, -21.61, -21.85, -20.94, -19.22, -17.72, -13.89, -12.38, -1.36, -5.75, -14.05, -14.05
2016-11-30, 19:00:23, 95500000, 98000000, 78125.00, 4352, -21.42, -20.89, -17.97, -17.95, -22.12, -22.24, -20.94, -21.37, -21.64, -22.46, -22.23, -21.66, -18.21, -14.22, -19.30, -18.08, -5.34, -5.34, 1.24, -9.43, -16.11, -18.77, -20.18, -20.08, -20.23, -19.12, -16.97, -9.92, 0.44, -8.93, -15.92, -20.00, -20.00
2016-11-30, 19:00:23, 98000000, 100500000, 78125.00, 4352, -28.87, -29.65, -28.46, -26.20, -22.78, -21.79, -13.18, -15.97, -23.37, -24.88, -25.03, -22.00, -21.93, -23.82, -25.38, -26.29, -24.68, -24.68, -24.81, -24.50, -24.33, -21.29, -21.92, -22.05, -21.80, -22.86, -24.64, -21.31, -27.64, -28.95, -29.51, -29.34, -29.34
2016-11-30, 19:00:23, 100500000, 103000000, 78125.00, 4352, -24.84, -28.34, -28.04, -27.05, -23.30, -25.70, -25.92, -26.55, -26.02, -26.56, -23.45, -23.62, -22.55, -20.47, -14.74, -3.87, -17.65, -17.65, -21.06, -23.39, -24.95, -25.34, -25.96, -24.96, -22.42, -14.17, -13.69, -22.68, -25.92, -27.02, -24.65, -23.28, -23.28
2016-11-30, 19:00:23, 103000000, 105500000, 78125.00, 4352, -31.39, -30.28, -22.60, -24.74, -27.00, -27.96, -29.38, -30.42, -28.83, -23.70, -28.06, -27.41, -25.05, -18.42, -6.26, -16.90, -26.84, -26.84, -26.78, -25.73, -28.14, -27.53, -25.39, -20.47, -8.05, -14.52, -23.32, -26.70, -28.10, -24.89, -27.13, -29.78, -29.78
2016-11-30, 19:00:23, 105500000, 108000000, 78125.00, 4352, -28.27, -24.01, -13.02, -11.53, -23.72, -27.39, -29.57, -29.39, -29.20, -29.39, -28.02, -24.52, -13.24, -10.71, -20.16, -26.66, -28.40, -28.40, -24.82, -30.96, -32.19, -32.23, -30.64, -24.66, -31.56, -32.85, -32.49, -30.53, -26.33, -29.60, -31.16, -30.35, -30.35
2016-11-30, 19:00:33, 88000000, 90500000, 78125.00, 3584, -30.94, -30.24, -28.96, -28.66, -27.69, -25.89, -22.07, -25.01, -26.48, -26.35, -26.11, -27.50, -27.55, -26.89, -24.95, -26.89, -24.52, -24.52, -26.15, -27.09, -26.99, -26.38, -27.19, -27.63, -27.20, -26.06, -27.03, -27.07, -28.22, -28.57, -30.28, -31.23, -31.23
2016-11-30, 19:00:33, 90500000, 93000000, 78125.00, 3584, -21.40, -25.13, -26.95, -26.98, -25.93, -25.56, -25.51, -25.23, -22.91, -25.29, -25.72, -26.08, -24.09, -25.63, -24.03, -21.75, -26.15, -26.15, -26.36, -25.05, -22.93, -18.40, -25.41, -25.56, -25.74, -26.43, -25.62, -24.65, -24.97, -22.87, -15.38, -11.00, -11.00
2016-11-30, 19:00:33, 93000000, 95500000, 78125.00, 3584, -18.68, -21.35, -22.80, -23.22, -22.45, -24.03, -23.60, -23.04, -21.23, -14.94, -20.80, -23.90, -22.37, -21.93, -14.88, -22.66, -23.16, -23.16, -20.47, -11.29, -18.34, -22.44, -21.29, -21.81, -20.62, -18.91, -17.52, -13.43, -12.34, -1.50, -5.51, -13.78, -13.78
2016-11-30, 19:00:33, 95500000, 98000000, 78125.00, 3584, -22.23, -21.23, -18.16, -18.18, -22.54, -22.67, -21.27, -21.80, -21.82, -22.81, -22.54, -21.85, -18.38, -14.38, -19.79, -18.65, -7.65, -7.65, 1.81, -11.76, -17.27, -19.61, -20.97, -20.70, -20.97, -20.00, -18.15, -12.08, 0.79, -9.93, -16.84, -20.88, -20.88
2016-11-30, 19:00:33, 98000000, 100500000, 78125.00, 3584, -28.83, -29.52, -28.34, -26.25, -22.57, -21.80, -12.84, -16.37, -23.28, -24.82, -24.93, -21.95, -21.64, -23.95, -25.23, -26.01, -24.61, -24.61, -24.70, -24.78, -24.21, -21.08, -21.81, -21.96, -21.78, -22.69, -25.08, -20.88, -27.38, -28.81, -29.18, -29.26, -29.26
2016-11-30, 19:00:33, 100500000, 103000000, 78125.00, 3584, -24.60, -28.66, -28.33, -27.24, -23.38, -25.83, -26.07, -26.60, -25.93, -26.72, -23.32, -23.70, -22.48, -20.36, -14.23, -3.31, -17.80, -17.80, -21.23, -23.51, -24.97, -25.27, -25.99, -24.97, -22.47, -13.93, -14.15, -23.01, -26.05, -27.15, -24.51, -23.33, -23.33
2016-11-30, 19:00:33, 103000000, 105500000, 78125.00, 3584, -31.41, -30.45, -23.37, -25.53, -26.87, -27.88, -29.67, -30.19, -28.72, -23.43, -27.80, -26.97, -24.29, -16.61, -5.95, -17.39, -26.82, -26.82, -26.73, -25.70, -27.87, -27.41, -25.23, -20.08, -7.72, -15.38, -23.52, -26.84, -28.16, -24.42, -27.27, -29.70, -29.70
2016-11-30, 19:00:33, 105500000, 108000000, 78125.00, 3584, -28.89, -24.62, -13.28, -10.91, -23.63, -27.64, -29.53, -29.44, -29.31, -29.48, -28.19, -24.90, -14.04, -10.26, -20.26, -26.89, -28.64, -28.64, -24.88, -30.83, -32.40, -32.53, -31.55, -24.34, -31.84, -33.09, -32.72, -31.11, -26.31, -29.50, -31.54, -30.95, -30.95
2016-11-30, 19:00:43, 88000000, 90500000, 78125.00, 3840, -30.94, -30.03, -28.90, -28.45, -27.52, -25.97, -22.42, -24.74, -26.31, -26.32, -25.97, -27.05, -27.13, -26.59, -24.60, -26.55, -24.91, -24.91, -25.97, -26.90, -26.72, -26.17, -26.85, -27.48, -27.09, -26.00, -26.78, -27.15, -27.78, -28.39, -30.15, -31.01, -31.01
2016-11-30, 19:00:43, 90500000, 93000000, 78125.00, 3840, -21.98, -25.63, -27.23, -27.14, -25.91, -25.36, -25.57, -25.54, -23.37, -25.50, -25.93, -25.96, -24.16, -25.79, -24.08, -22.03, -26.14, -26.14, -26.24, -25.06, -22.86, -18.30, -25.37, -25.51, -25.77, -26.48, -25.58, -24.87, -25.28, -23.56, -15.85, -11.61, -11.61
2016-11-30, 19:00:43, 93000000, 95500000, 78125.00, 3840, -18.72, -21.22, -22.67, -22.96, -22.05, -23.76, -23.27, -22.81, -20.22, -14.54, -21.89, -23.83, -22.26, -21.82, -14.90, -22.46, -23.19, -23.19, -21.27, -10.70, -19.17, -22.27, -21.75, -22.10, -20.85, -19.41, -17.71, -13.95, -12.16, -1.50, -5.33, -13.74, -13.74
2016-11-30, 19:00:43, 95500000, 98000000, 78125.00, 3840, -21.58, -20.78, -17.83, -18.20, -22.12, -22.12, -20.94, -21.52, -21.67, -22.43, -22.27, -21.49, -18.19, -14.26, -19.44, -18.08, -6.38, -6.38, 1.54, -10.46, -16.43, -18.94, -20.38, -20.17, -20.53, -19.48, -17.50, -11.40, 0.50, -8.85, -16.42, -20.12, -20.12
2016-11-30, 19:00:43, 98000000, 100500000, 78125.00, 3840, -28.91, -29.56, -28.25, -26.30, -22.36, -21.70, -13.26, -16.52, -23.44, -24.86, -24.99, -22.10, -21.86, -23.95, -25.39, -26.10, -24.47, -24.47, -24.75, -24.61, -23.73, -20.66, -21.36, -21.37, -21.23, -22.43, -24.78, -21.18, -27.21, -28.85, -29.18, -29.35, -29.35
2016-11-30, 19:00:43, 100500000, 103000000, 78125.00, 3840, -25.02, -29.04, -28.30, -27.36, -23.63, -26.00, -26.37, -26.73, -26.19, -26.65, -23.73, -23.60, -22.65, -20.54, -14.46, -3.37, -18.23, -18.23, -21.47, -23.70, -25.27, -25.53, -26.26, -25.18, -22.85, -14.10, -14.31, -23.47, -26.43, -27.52, -24.54, -23.74, -23.74
2016-11-30, 19:00:43, 103000000, 105500000, 78125.00, 3840, -30.93, -30.06, -22.75, -25.26, -26.56, -27.73, -28.84, -29.38, -28.20, -23.06, -26.62, -25.60, -22.77, -15.22, -6.01, -14.23, -25.14, -25.14, -25.74, -24.77, -27.45, -26.80, -24.98, -20.62, -7.81, -13.52, -22.71, -26.20, -27.60, -24.29, -26.13, -29.01, -29.01
2016-11-30, 19:00:43, 105500000, 108000000, 78125.00, 3840, -26.84, -22.38, -11.63, -12.00, -22.50, -26.39, -28.47, -28.54, -28.43, -28.74, -27.48, -24.32, -14.01, -9.69, -20.52, -26.38, -28.16, -28.16, -24.15, -30.90, -31.91, -32.08, -31.18, -23.72, -31.73, -32.38, -32.12, -30.60, -25.42, -29.16, -30.19, -29.08, -29.08
2016-11-30, 19:00:53, 88000000, 90500000, 78125.00, 3584, -30.40, -29.49, -28.16, -28.09, -27.06, -25.30, -21.63, -24.41, -25.85, -25.56, -25.47, -26.63, -26.71, -26.07, -24.28, -26.16, -23.87, -23.87, -25.60, -26.41, -26.30, -25.68, -26.60, -26.74, -26.58, -25.49, -26.39, -26.66, -27.43, -28.05, -29.59, -30.64, -30.64
2016-11-30, 19:00:53, 90500000, 93000000, 78125.00, 3584, -21.87, -25.35, -26.82, -26.82, -25.61, -25.17, -25.21, -25.02, -22.51, -24.93, -25.70, -25.70, -23.82, -25.42, -23.78, -21.86, -25.88, -25.88, -26.10, -24.68, -22.86, -18.33, -25.35, -25.13, -25.47, -26.21, -25.48, -24.58, -24.98, -23.38, -15.96, -11.62, -11.62
2016-11-30, 19:00:53, 93000000, 95500000, 78125.00, 3584, -19.40, -21.88, -23.26, -23.49, -22.49, -24.11, -23.75, -23.09, -20.18, -14.64, -21.55, -24.18, -22.45, -21.72, -15.12, -22.63, -23.17, -23.17, -20.19, -11.09, -18.97, -22.39, -21.55, -22.06, -21.12, -19.62, -17.80, -14.01, -12.58, -1.41, -5.85, -14.39, -14.39
2016-11-30, 19:00:53, 95500000, 98000000, 78125.00, 3584, -22.76, -21.80, -18.62, -18.02, -22.40, -22.45, -21.11, -21.48, -21.75, -22.55, -22.22, -21.59, -18.52, -14.34, -19.42, -17.98, -5.26, -5.26, 0.71, -8.36, -15.74, -18.70, -20.40, -20.46, -21.13, -20.41, -19.26, -14.49, 0.96, -12.01, -18.14, -21.81, -21.81
2016-11-30, 19:00:53, 98000000, 100500000, 78125.00, 3584, -28.77, -29.51, -28.20, -26.12, -22.31, -22.10, -13.49, -17.00, -23.28, -24.67, -24.91, -22.28, -21.64, -24.00, -25.57, -25.95, -24.59, -24.59, -24.91, -24.70, -23.79, -20.58, -21.38, -21.39, -21.32, -22.26, -25.05, -21.06, -27.26, -28.53, -29.18, -29.28, -29.28
2016-11-30, 19:00:53, 100500000, 103000000, 78125.00, 3584, -24.90, -29.13, -28.56, -27.34, -23.55, -25.98, -26.54, -26.85, -26.14, -26.92, -23.82, -23.77, -22.85, -21.00, -15.53, -3.51, -18.27, -18.27, -21.53, -23.84, -25.35, -25.64, -26.40, -25.47, -23.16, -15.21, -13.54, -23.56, -26.67, -27.66, -25.13, -23.63, -23.63
2016-11-30, 19:00:53, 103000000, 105500000, 78125.00, 3584, -30.46, -29.44, -22.41, -24.42, -26.13, -27.48, -28.54, -28.91, -27.33, -22.87, -26.09, -24.56, -21.36, -12.53, -6.08, -14.64, -24.85, -24.85, -25.50, -24.50, -26.83, -26.38, -24.47, -19.44, -7.45, -13.91, -22.51, -25.92, -27.23, -23.61, -26.25, -29.02, -29.02
2016-11-30, 19:00:53, 105500000, 108000000, 78125.00, 3584, -27.22, -22.71, -11.30, -12.08, -22.93, -26.85, -29.02, -28.82, -28.74, -28.96, -27.60, -24.34, -13.46, -10.42, -20.99, -26.66, -27.55, -27.55, -24.43, -30.97, -31.97, -32.01, -30.91, -23.85, -31.57, -32.63, -32.19, -30.65, -25.67, -29.85, -30.64, -29.62, -29.62
2016-11-30, 19:01:03, 88000000, 90500000, 78125.00, 3584, -30.80, -30.00, -28.85, -28.20, -27.16, -25.99, -22.36, -24.18, -25.78, -26.24, -25.93, -26.67, -26.50, -26.17, -24.53, -26.18, -25.54, -25.54, -26.12, -26.47, -26.47, -26.14, -26.60, -26.90, -26.69, -25.89, -26.43, -26.45, -27.46, -27.97, -29.68, -30.65, -30.65
2016-11-30, 19:01:03, 90500000, 93000000, 78125.00, 3584, -21.87, -25.57, -26.91, -26.82, -25.67, -25.10, -25.19, -25.18, -24.23, -25.81, -25.75, -25.81, -24.85, -25.54, -23.97, -21.94, -25.89, -25.89, -25.99, -24.93, -23.22, -18.33, -25.27, -25.35, -25.94, -26.23, -25.33, -24.66, -25.22, -23.21, -15.85, -11.44, -11.44
2016-11-30, 19:01:03, 93000000, 95500000, 78125.00, 3584, -18.91, -21.50, -23.02, -23.19, -22.30, -23.85, -23.59, -23.13, -20.39, -14.64, -22.58, -23.99, -22.20, -21.24, -15.10, -22.47, -23.20, -23.20, -20.63, -10.62, -18.98, -22.41, -21.71, -21.99, -20.63, -19.17, -17.72, -13.45, -12.13, -1.44, -5.08, -13.88, -13.88
2016-11-30, 19:01:03, 95500000, 98000000, 78125.00, 3584, -22.60, -21.50, -18.26, -18.01, -22.35, -22.37, -21.04, -21.47, -21.56, -22.54, -22.33, -21.43, -18.33, -14.46, -19.26, -17.92, -6.24, -6.24, 1.48, -9.67, -16.05, -18.84, -20.31, -20.23, -20.79, -20.15, -18.82, -13.53, 0.77, -10.62, -17.55, -21.48, -21.48
2016-11-30, 19:01:03, 98000000, 100500000, 78125.00, 3584, -28.90, -29.42, -27.69, -25.94, -22.46, -21.99, -12.89, -18.06, -23.48, -24.69, -24.80, -21.81, -21.87, -23.93, -25.10, -25.81, -24.45, -24.45, -24.57, -24.95, -23.79, -20.63, -21.39, -21.43, -21.19, -22.41, -24.77, -21.14, -27.63, -28.80, -29.12, -29.32, -29.32
2016-11-30, 19:01:03, 100500000, 103000000, 78125.00, 3584, -24.71, -28.80, -28.31, -27.42, -23.71, -25.88, -26.34, -26.68, -25.93, -26.55, -23.50, -23.76, -22.67, -20.60, -15.04, -3.55, -17.89, -17.89, -21.34, -23.72, -25.07, -25.35, -26.05, -24.94, -22.46, -14.02, -13.57, -22.74, -25.93, -27.12, -24.91, -23.39, -23.39
2016-11-30, 19:01:03, 103000000, 105500000, 78125.00, 3584, -30.60, -29.61, -21.60, -24.37, -26.35, -27.59, -28.97, -29.39, -27.95, -23.14, -26.61, -25.45, -22.56, -14.93, -6.33, -13.65, -24.91, -24.91, -25.49, -24.80, -27.12, -26.87, -24.96, -20.72, -8.06, -13.38, -22.59, -26.05, -27.46, -24.49, -25.97, -28.93, -28.93
2016-11-30, 19:01:03, 105500000, 108000000, 78125.00, 3584, -27.69, -23.27, -12.33, -11.22, -22.96, -26.88, -28.90, -28.73, -28.69, -28.84, -27.45, -24.26, -14.87, -9.61, -21.23, -26.50, -27.89, -27.89, -24.38, -30.55, -31.87, -31.97, -30.69, -23.97, -31.34, -32.55, -32.29, -31.42, -25.12, -30.37, -30.85, -29.94, -29.94
2016-11-30, 19:01:13, 88000000, 90500000, 78125.00, 3584, -31.77, -31.01, -30.05, -29.26, -28.23, -27.37, -23.24, -24.42, -26.89, -27.59, -27.16, -27.87, -27.62, -27.23, -25.60, -27.23, -26.86, -26.86, -27.03, -27.27, -27.07, -26.90, -27.14, -27.60, -27.48, -26.93, -27.06, -27.13, -28.13, -28.83, -30.37, -31.51, -31.51
2016-11-30, 19:01:13, 90500000, 93000000, 78125.00, 3584, -21.88, -25.80, -27.28, -27.03, -26.18, -25.56, -25.73, -25.57, -25.63, -26.28, -26.27, -26.38, -25.63, -25.85, -24.32, -22.17, -26.19, -26.19, -26.16, -25.39, -23.57, -18.85, -25.50, -25.86, -26.21, -26.06, -25.40, -25.18, -25.15, -23.25, -15.88, -11.38, -11.38
2016-11-30, 19:01:13, 93000000, 95500000, 78125.00, 3584, -18.64, -21.25, -22.72, -23.15, -22.07, -23.86, -23.65, -23.23, -21.61, -15.33, -23.04, -23.92, -22.05, -21.77, -15.01, -23.32, -23.00, -23.00, -20.61, -11.03, -19.12, -22.06, -21.73, -21.64, -20.29, -18.70, -17.05, -12.58, -11.69, -1.45, -5.84, -13.70, -13.70
2016-11-30, 19:01:13, 95500000, 98000000, 78125.00, 3584, -22.45, -21.65, -18.32, -19.24, -22.40, -22.52, -21.09, -21.56, -22.07, -22.64, -22.78, -21.75, -18.57, -14.79, -19.62, -18.15, -5.32, -5.32, 0.38, -11.89, -17.26, -19.65, -20.71, -20.58, -21.04, -20.03, -18.39, -12.00, -0.05, -9.82, -17.36, -21.17, -21.17
2016-11-30, 19:01:13, 98000000, 100500000, 78125.00, 3584, -29.34, -29.58, -28.22, -26.39, -22.93, -22.25, -13.97, -15.67, -23.61, -24.96, -25.01, -22.02, -22.09, -23.39, -25.27, -26.10, -24.66, -24.66, -24.76, -25.16, -24.52, -21.56, -22.28, -22.31, -22.24, -23.17, -25.32, -21.56, -27.81, -29.11, -29.22, -29.42, -29.42
2016-11-30, 19:01:13, 100500000, 103000000, 78125.00, 3584, -24.56, -29.16, -28.09, -27.18, -23.11, -25.41, -26.08, -26.57, -26.12, -26.49, -23.45, -23.73, -22.58, -20.54, -15.18, -2.70, -18.04, -18.04, -21.28, -23.73, -25.18, -25.48, -26.24, -25.33, -22.99, -13.74, -13.05, -23.70, -26.65, -27.36, -24.65, -23.29, -23.29
2016-11-30, 19:01:13, 103000000, 105500000, 78125.00, 3584, -31.35, -30.31, -21.92, -25.01, -26.97, -27.62, -29.18, -29.70, -27.88, -24.05, -26.85, -25.61, -22.87, -15.17, -6.85, -13.70, -25.09, -25.09, -25.95, -25.81, -27.87, -27.66, -25.98, -21.20, -8.49, -15.58, -24.21, -27.45, -28.46, -25.23, -26.38, -29.59, -29.59
2016-11-30, 19:01:13, 105500000, 108000000, 78125.00, 3584, -28.15, -23.77, -12.42, -13.25, -23.97, -27.67, -29.49, -29.13, -29.01, -29.12, -27.73, -24.52, -14.69, -10.25, -20.84, -26.54, -28.03, -28.03, -25.25, -31.24, -32.10, -32.19, -30.99, -24.21, -31.52, -32.76, -32.62, -31.78, -25.77, -30.19, -31.25, -30.30, -30.30
2016-11-30, 19:01:23, 88000000, 90500000, 78125.00, 4096, -31.03, -30.51, -29.50, -28.57, -27.62, -26.72, -22.88, -24.52, -26.22, -26.52, -26.33, -26.86, -26.66, -26.14, -24.48, -26.36, -25.87, -25.87, -25.98, -26.37, -26.17, -26.06, -26.34, -26.76, -26.36, -25.82, -26.27, -26.47, -27.12, -27.80, -29.52, -30.72, -30.72
2016-11-30, 19:01:23, 90500000, 93000000, 78125.00, 4096, -22.67, -26.19, -27.27, -26.92, -25.85, -25.56, -25.16, -25.17, -25.27, -26.04, -25.85, -25.95, -25.44, -25.62, -24.51, -22.25, -25.91, -25.91, -26.07, -25.03, -24.09, -18.31, -25.15, -25.66, -26.05, -26.04, -25.58, -25.29, -25.55, -23.79, -16.41, -12.26, -12.26
2016-11-30, 19:01:23, 93000000, 95500000, 78125.00, 4096, -20.25, -22.78, -23.95, -24.18, -23.04, -24.63, -23.97, -23.78, -22.55, -15.97, -23.54, -24.30, -22.37, -21.56, -16.51, -23.22, -23.61, -23.61, -22.10, -11.76, -20.71, -23.00, -22.19, -22.20, -20.92, -19.20, -17.73, -12.81, -12.43, -2.93, -6.80, -15.16, -15.16
2016-11-30, 19:01:23, 95500000, 98000000, 78125.00, 4096, -23.37, -22.78, -19.61, -20.10, -22.99, -23.07, -21.31, -22.12, -22.59, -23.40, -23.24, -22.27, -19.50, -15.97, -20.89, -19.79, -7.47, -7.47, -0.97, -13.57, -18.89, -21.07, -22.03, -21.70, -21.82, -20.90, -19.73, -14.26, -1.27, -12.20, -18.41, -22.29, -22.29
2016-11-30, 19:01:23, 98000000, 100500000, 78125.00, 4096, -29.54, -29.89, -28.36, -26.56, -23.20, -22.36, -14.31, -16.64, -23.95, -25.15, -25.27, -22.88, -22.13, -22.95, -25.33, -26.32, -24.83, -24.83, -24.60, -25.30, -24.57, -21.66, -22.29, -22.22, -21.97, -23.17, -25.46, -22.43, -27.93, -28.94, -29.19, -29.36, -29.36
2016-11-30, 19:01:23, 100500000, 103000000, 78125.00, 4096, -25.62, -29.05, -28.30, -27.06, -22.72, -25.26, -26.29, -26.70, -25.83, -26.80, -23.79, -24.13, -23.03, -21.28, -15.69, -4.41, -18.84, -18.84, -22.02, -24.27, -25.69, -25.57, -26.27, -25.03, -22.74, -14.49, -13.57, -23.11, -26.13, -27.30, -25.13, -24.27, -24.27
2016-11-30, 19:01:23, 103000000, 105500000, 78125.00, 4096, -31.96, -30.39, -21.46, -24.62, -27.39, -27.38, -29.49, -30.18, -29.01, -25.72, -27.57, -26.86, -24.42, -17.11, -7.98, -16.09, -26.41, -26.41, -26.83, -26.84, -28.94, -28.61, -27.08, -23.00, -11.86, -14.65, -24.76, -28.09, -29.11, -26.18, -27.82, -30.51, -30.51
2016-11-30, 19:01:23, 105500000, 108000000, 78125.00, 4096, -29.88, -25.77, -14.50, -16.02, -25.88, -29.03, -30.75, -30.02, -30.16, -30.42, -29.34, -26.56, -16.73, -11.90, -21.87, -27.92, -29.39, -29.39, -27.22, -32.58, -32.85, -32.99, -31.79, -24.81, -32.63, -33.65, -33.35, -32.40, -27.72, -30.89, -32.46, -31.88, -31.88
2016-11-30, 19:01:33, 88000000, 90500000, 78125.00, 3584, -30.78, -30.04, -29.07, -28.26, -26.97, -26.15, -22.95, -23.68, -25.56, -26.06, -25.75, -26.24, -25.99, -25.68, -24.12, -25.59, -25.27, -25.27, -25.39, -25.72, -25.63, -25.39, -25.68, -26.04, -25.77, -25.22, -25.59, -25.91, -26.37, -27.25, -28.88, -30.39, -30.39
2016-11-30, 19:01:33, 90500000, 93000000, 78125.00, 3584, -22.89, -26.21, -27.32, -26.59, -25.60, -25.27, -25.01, -25.03, -24.91, -25.69, -25.70, -25.79, -25.32, -25.38, -24.70, -22.42, -25.86, -25.86, -25.97, -25.15, -24.18, -18.02, -25.16, -25.60, -25.97, -26.13, -25.37, -25.43, -25.59, -24.14, -16.86, -12.64, -12.64
2016-11-30, 19:01:33, 93000000, 95500000, 78125.00, 3584, -20.01, -22.60, -23.90, -24.10, -23.14, -24.52, -23.95, -23.70, -22.53, -16.08, -23.52, -24.27, -22.07, -22.15, -16.60, -23.07, -23.47, -23.47, -21.08, -12.45, -19.92, -23.06, -22.06, -22.01, -20.61, -18.97, -17.77, -12.77, -12.93, -3.82, -6.37, -15.09, -15.09
2016-11-30, 19:01:33, 95500000, 98000000, 78125.00, 3584, -23.97, -23.49, -20.51, -19.76, -23.22, -22.99, -21.40, -22.39, -22.84, -23.50, -23.45, -22.45, -19.94, -16.32, -21.27, -20.11, -8.85, -8.85, -1.22, -11.74, -18.38, -21.05, -22.12, -21.90, -22.05, -21.28, -20.39, -15.48, -1.51, -13.72, -19.00, -23.03, -23.03
2016-11-30, 19:01:33, 98000000, 100500000, 78125.00, 3584, -29.56, -29.64, -28.35, -26.16, -23.19, -22.09, -14.07, -16.92, -23.97, -25.04, -25.23, -22.69, -22.02, -22.83, -24.98, -25.80, -24.71, -24.71, -24.15, -25.01, -24.53, -21.73, -22.35, -22.10, -21.98, -23.09, -25.46, -22.44, -27.83, -28.85, -29.00, -28.99, -28.99
2016-11-30, 19:01:33, 100500000, 103000000, 78125.00, 3584, -25.75, -29.20, -28.17, -26.95, -22.65, -25.10, -26.20, -26.56, -26.09, -26.86, -23.74, -24.18, -23.32, -21.71, -16.91, -4.74, -18.84, -18.84, -21.95, -24.23, -25.56, -25.59, -26.23, -24.98, -22.59, -14.16, -13.66, -23.07, -26.21, -27.31, -25.83, -24.37, -24.37
2016-11-30, 19:01:33, 103000000, 105500000, 78125.00, 3584, -32.40, -30.73, -22.56, -23.72, -27.39, -27.53, -29.70, -30.32, -29.27, -25.86, -27.64, -26.73, -23.82, -15.43, -9.01, -18.18, -26.95, -26.95, -27.27, -26.94, -29.42, -29.22, -27.86, -24.30, -12.05, -16.12, -25.97, -29.05, -29.80, -26.06, -29.27, -31.56, -31.56
2016-11-30, 19:01:33, 105500000, 108000000, 78125.00, 3584, -29.40, -25.31, -15.49, -15.15, -25.01, -28.47, -30.40, -29.94, -30.21, -30.52, -29.85, -27.11, -16.72, -13.07, -24.04, -29.12, -30.58, -30.58, -26.92, -32.95, -33.23, -33.19, -32.07, -24.87, -32.78, -33.51, -33.37, -32.26, -28.17, -31.35, -32.26, -31.45, -31.45
2016-11-30, 19:01:43, 88000000, 90500000, 78125.00, 3584, -30.99, -30.20, -29.31, -28.32, -27.38, -26.38, -22.83, -24.24, -25.85, -26.25, -25.91, -26.43, -26.23, -25.81, -24.30, -25.63, -25.46, -25.46, -25.56, -25.88, -25.93, -25.62, -25.83, -26.21, -26.19, -25.63, -25.70, -25.97, -26.74, -27.37, -28.96, -30.38, -30.38
2016-11-30, 19:01:43, 90500000, 93000000, 78125.00, 3584, -22.67, -26.02, -27.08, -26.52, -25.43, -25.07, -24.67, -24.79, -24.77, -25.62, -25.51, -25.57, -24.98, -25.19, -24.47, -22.20, -25.56, -25.56, -25.66, -24.80, -24.02, -17.96, -24.96, -25.39, -25.91, -25.73, -25.17, -25.17, -25.46, -23.84, -16.77, -12.47, -12.47
2016-11-30, 19:01:43, 93000000, 95500000, 78125.00, 3584, -20.42, -22.95, -24.34, -24.31, -23.37, -24.47, -24.09, -23.75, -21.31, -16.58, -22.73, -24.27, -22.17, -21.84, -16.93, -22.99, -23.76, -23.76, -21.78, -12.24, -20.42, -23.16, -22.30, -22.11, -20.87, -19.02, -17.83, -12.80, -12.88, -3.83, -6.58, -15.39, -15.39
2016-11-30, 19:01:43, 95500000, 98000000, 78125.00, 3584, -23.45, -23.14, -20.33, -19.92, -23.14, -23.05, -21.34, -22.20, -22.89, -23.51, -23.37, -22.48, -19.77, -16.62, -21.03, -19.94, -8.50, -8.50, -1.51, -11.40, -18.23, -20.64, -21.82, -21.78, -21.80, -20.95, -19.45, -13.21, -2.07, -12.22, -18.55, -22.38, -22.38
2016-11-30, 19:01:43, 98000000, 100500000, 78125.00, 3584, -29.86, -29.99, -28.35, -26.29, -23.21, -22.17, -14.56, -16.15, -23.75, -25.10, -25.44, -23.14, -21.99, -22.88, -25.37, -26.03, -24.55, -24.55, -24.45, -25.34, -24.64, -21.70, -22.34, -22.23, -22.04, -23.19, -25.46, -22.83, -27.80, -28.76, -29.01, -29.24, -29.24
2016-11-30, 19:01:43, 100500000, 103000000, 78125.00, 3584, -25.75, -28.93, -28.03, -27.00, -22.74, -24.99, -26.23, -26.49, -26.03, -26.89, -23.55, -24.16, -23.32, -21.67, -16.50, -4.82, -18.96, -18.96, -21.90, -24.32, -25.50, -25.55, -26.16, -24.77, -22.38, -14.23, -13.46, -22.82, -26.04, -27.17, -25.67, -24.37, -24.37
2016-11-30, 19:01:43, 103000000, 105500000, 78125.00, 3584, -32.08, -30.44, -22.09, -23.28, -27.56, -27.71, -29.70, -30.50, -29.43, -25.51, -27.91, -27.16, -24.84, -17.35, -8.93, -16.05, -26.65, -26.65, -27.32, -26.92, -29.27, -29.26, -27.62, -23.60, -10.89, -17.11, -25.98, -29.04, -29.67, -26.99, -28.17, -30.91, -30.91
2016-11-30, 19:01:43, 105500000, 108000000, 78125.00, 3584, -30.28, -26.18, -15.48, -14.81, -25.84, -29.37, -31.07, -30.33, -30.31, -30.60, -29.78, -26.89, -17.48, -13.00, -23.50, -28.86, -30.15, -30.15, -27.26, -32.51, -33.19, -33.23, -32.12, -24.52, -32.80, -33.91, -33.47, -33.05, -28.09, -31.93, -32.89, -32.21, -32.21
2016-11-30, 19:01:53, 88000000, 90500000, 78125.00, 3584, -31.12, -30.43, -29.61, -28.72, -27.63, -26.57, -22.94, -25.01, -26.31, -26.63, -26.37, -26.97, -26.74, -26.30, -24.53, -26.11, -25.85, -25.85, -26.08, -26.34, -26.13, -26.00, -26.47, -26.68, -26.59, -26.11, -26.21, -26.54, -27.16, -27.87, -29.55, -30.78, -30.78
2016-11-30, 19:01:53, 90500000, 93000000, 78125.00, 3584, -22.85, -26.30, -27.30, -26.83, -25.78, -25.29, -24.97, -24.99, -24.95, -25.66, -25.55, -25.78, -25.06, -25.42, -24.47, -22.34, -25.61, -25.61, -25.95, -25.01, -24.01, -18.08, -25.19, -25.57, -25.88, -25.91, -25.39, -25.33, -25.51, -23.85, -16.48, -12.64, -12.64
2016-11-30, 19:01:53, 93000000, 95500000, 78125.00, 3584, -20.28, -22.86, -24.13, -24.30, -23.24, -24.55, -23.94, -23.82, -22.07, -16.13, -23.02, -24.34, -22.21, -21.79, -16.76, -23.16, -23.74, -23.74, -21.53, -12.62, -19.91, -22.99, -21.99, -22.04, -20.79, -18.98, -17.50, -12.88, -12.91, -3.64, -6.55, -15.28, -15.28
2016-11-30, 19:01:53, 95500000, 98000000, 78125.00, 3584, -23.43, -22.98, -19.79, -20.04, -23.03, -23.08, -21.28, -22.29, -22.58, -23.41, -23.18, -22.29, -19.85, -16.26, -20.81, -19.50, -7.68, -7.68, -1.17, -12.34, -18.28, -20.82, -22.01, -21.72, -22.02, -21.06, -19.91, -14.32, -1.50, -12.48, -18.47, -22.40, -22.40
2016-11-30, 19:01:53, 98000000, 100500000, 78125.00, 3584, -29.61, -29.74, -28.29, -26.25, -23.07, -21.93, -13.75, -17.39, -23.91, -24.98, -25.09, -22.85, -22.11, -23.35, -25.18, -25.78, -24.38, -24.38, -23.92, -25.27, -24.58, -21.59, -22.30, -22.20, -21.91, -22.95, -25.15, -22.73, -27.54, -28.46, -28.67, -28.95, -28.95
2016-11-30, 19:01:53, 100500000, 103000000, 78125.00, 3584, -26.12, -29.31, -28.11, -27.07, -22.70, -25.29, -26.63, -26.89, -26.48, -27.08, -23.73, -24.35, -23.79, -22.16, -17.30, -5.10, -19.57, -19.57, -22.50, -24.76, -25.98, -25.84, -26.26, -24.99, -22.36, -13.21, -13.61, -22.92, -26.12, -27.30, -26.02, -24.80, -24.80
2016-11-30, 19:01:53, 103000000, 105500000, 78125.00, 3584, -32.04, -30.19, -21.55, -22.01, -27.11, -27.60, -29.60, -30.49, -28.88, -25.39, -28.27, -27.86, -25.80, -18.45, -7.35, -19.12, -27.54, -27.54, -27.52, -27.23, -29.10, -28.61, -26.86, -21.86, -10.15, -16.66, -25.29, -28.39, -29.25, -25.88, -28.42, -30.86, -30.86
2016-11-30, 19:01:53, 105500000, 108000000, 78125.00, 3584, -30.74, -26.57, -15.59, -14.59, -26.19, -29.79, -31.23, -30.50, -30.50, -30.71, -29.79, -26.90, -16.91, -12.62, -23.81, -29.09, -29.65, -29.65, -27.90, -32.33, -33.40, -33.32, -32.05, -24.83, -33.13, -34.13, -33.75, -32.94, -28.11, -31.94, -33.19, -32.66, -32.66
2016-11-30, 19:02:03, 88000000, 90500000, 78125.00, 4608, -31.74, -31.13, -30.54, -29.51, -28.52, -27.66, -23.76, -25.03, -27.14, -27.68, -27.31, -27.86, -27.68, -27.26, -25.49, -27.16, -26.98, -26.98, -27.11, -27.33, -27.05, -27.06, -27.41, -27.72, -27.52, -26.92, -27.17, -27.32, -28.20, -28.83, -30.43, -31.52, -31.52
2016-11-30, 19:02:03, 90500000, 93000000, 78125.00, 4608, -23.08, -26.79, -27.99, -27.88, -26.92, -26.22, -26.18, -26.16, -26.11, -26.87, -26.63, -26.69, -26.20, -26.21, -25.20, -23.00, -26.46, -26.46, -26.63, -25.81, -24.67, -19.35, -25.99, -26.57, -26.43, -26.66, -25.86, -26.06, -25.89, -24.23, -16.97, -12.70, -12.70
2016-11-30, 19:02:03, 93000000, 95500000, 78125.00, 4608, -21.11, -23.72, -24.86, -24.94, -23.94, -24.84, -24.65, -24.30, -22.02, -16.89, -23.88, -24.71, -22.51, -22.20, -17.51, -23.10, -24.05, -24.05, -21.76, -12.83, -20.58, -23.46, -22.38, -22.44, -21.07, -19.51, -18.42, -13.30, -13.65, -4.68, -6.75, -15.94, -15.94
2016-11-30, 19:02:03, 95500000, 98000000, 78125.00, 4608, -24.42, -23.63, -20.61, -20.69, -23.26, -23.04, -21.36, -22.33, -22.73, -23.59, -23.43, -22.57, -20.32, -16.92, -21.17, -20.22, -8.50, -8.50, -2.20, -13.00, -18.88, -21.32, -22.50, -22.14, -22.48, -21.83, -21.06, -16.64, -2.54, -13.29, -19.60, -23.46, -23.46
2016-11-30, 19:02:03, 98000000, 100500000, 78125.00, 4608, -30.10, -29.80, -28.37, -26.42, -22.93, -22.89, -15.08, -18.52, -24.68, -25.48, -25.31, -23.51, -22.60, -22.98, -25.34, -26.11, -24.92, -24.92, -24.73, -25.61, -24.38, -21.16, -22.10, -21.88, -21.81, -23.01, -25.66, -23.33, -28.23, -29.02, -29.44, -29.55, -29.55
2016-11-30, 19:02:03, 100500000, 103000000, 78125.00, 4608, -26.28, -29.73, -28.69, -27.62, -23.33, -25.96, -27.17, -27.39, -26.49, -27.43, -24.42, -24.98, -23.93, -22.38, -17.69, -5.11, -19.68, -19.68, -22.73, -25.06, -26.39, -26.17, -26.85, -25.53, -23.16, -14.89, -14.51, -23.55, -26.64, -27.79, -26.27, -24.93, -24.93
2016-11-30, 19:02:03, 103000000, 105500000, 78125.00, 4608, -32.28, -30.83, -22.52, -24.32, -27.95, -28.06, -29.76, -30.66, -29.34, -25.44, -28.11, -27.31, -24.94, -17.32, -8.36, -17.97, -27.21, -27.21, -27.62, -27.25, -29.17, -28.72, -27.01, -22.45, -10.61, -16.09, -25.20, -28.44, -29.25, -26.09, -28.87, -31.13, -31.13
2016-11-30, 19:02:03, 105500000, 108000000, 78125.00, 4608, -30.76, -26.80, -15.76, -15.00, -26.21, -29.72, -31.05, -30.39, -30.46, -30.66, -29.76, -26.69, -16.20, -12.75, -24.30, -29.04, -30.08, -30.08, -27.68, -32.70, -33.29, -33.25, -32.03, -24.97, -33.14, -33.97, -33.54, -32.60, -27.86, -32.30, -33.08, -32.58, -32.58
